Year,category,present,group
1901,Ntrawl,0,catch
1902,Ntrawl,0,catch
1903,Ntrawl,0,catch
1904,Ntrawl,0,catch
1905,Ntrawl,0,catch
1906,Ntrawl,0,catch
1907,Ntrawl,0,catch
1908,Ntrawl,0,catch
1909,Ntrawl,0,catch
1910,Ntrawl,0,catch
1911,Ntrawl,0,catch
1912,Ntrawl,0,catch
1913,Ntrawl,0,catch
1914,Ntrawl,0,catch
1915,Ntrawl,0,catch
1916,Ntrawl,0,catch
1917,Ntrawl,0,catch
1918,Ntrawl,0,catch
1919,Ntrawl,0,catch
1920,Ntrawl,0,catch
1921,Ntrawl,0,catch
1922,Ntrawl,0,catch
1923,Ntrawl,0,catch
1924,Ntrawl,0,catch
1925,Ntrawl,0,catch
1926,Ntrawl,0,catch
1927,Ntrawl,0,catch
1928,Ntrawl,0,catch
1929,Ntrawl,0,catch
1930,Ntrawl,0,catch
1931,Ntrawl,0,catch
1932,Ntrawl,0,catch
1933,Ntrawl,0,catch
1934,Ntrawl,0,catch
1935,Ntrawl,0,catch
1936,Ntrawl,0,catch
1937,Ntrawl,0,catch
1938,Ntrawl,0,catch
1939,Ntrawl,0,catch
1940,Ntrawl,0,catch
1941,Ntrawl,0,catch
1942,Ntrawl,0,catch
1943,Ntrawl,0,catch
1944,Ntrawl,0,catch
1945,Ntrawl,0,catch
1946,Ntrawl,0,catch
1947,Ntrawl,0,catch
1948,Ntrawl,0,catch
1949,Ntrawl,0,catch
1950,Ntrawl,0,catch
1951,Ntrawl,0,catch
1952,Ntrawl,0,catch
1953,Ntrawl,0,catch
1954,Ntrawl,0,catch
1955,Ntrawl,0,catch
1956,Ntrawl,0,catch
1957,Ntrawl,0,catch
1958,Ntrawl,0,catch
1959,Ntrawl,0,catch
1960,Ntrawl,0,catch
1961,Ntrawl,0,catch
1962,Ntrawl,0,catch
1963,Ntrawl,0,catch
1964,Ntrawl,1,catch
1965,Ntrawl,1,catch
1966,Ntrawl,1,catch
1967,Ntrawl,1,catch
1968,Ntrawl,1,catch
1969,Ntrawl,1,catch
1970,Ntrawl,1,catch
1971,Ntrawl,1,catch
1972,Ntrawl,1,catch
1973,Ntrawl,1,catch
1974,Ntrawl,1,catch
1975,Ntrawl,1,catch
1976,Ntrawl,1,catch
1977,Ntrawl,1,catch
1978,Ntrawl,1,catch
1979,Ntrawl,1,catch
1980,Ntrawl,1,catch
1981,Ntrawl,1,catch
1982,Ntrawl,1,catch
1983,Ntrawl,1,catch
1984,Ntrawl,1,catch
1985,Ntrawl,1,catch
1986,Ntrawl,1,catch
1987,Ntrawl,1,catch
1988,Ntrawl,1,catch
1989,Ntrawl,1,catch
1990,Ntrawl,1,catch
1991,Ntrawl,1,catch
1992,Ntrawl,1,catch
1993,Ntrawl,1,catch
1994,Ntrawl,1,catch
1995,Ntrawl,1,catch
1996,Ntrawl,1,catch
1997,Ntrawl,1,catch
1998,Ntrawl,1,catch
1999,Ntrawl,1,catch
2000,Ntrawl,1,catch
2001,Ntrawl,1,catch
2002,Ntrawl,1,catch
2003,Ntrawl,1,catch
2004,Ntrawl,1,catch
2005,Ntrawl,1,catch
2006,Ntrawl,1,catch
2007,Ntrawl,1,catch
2008,Ntrawl,1,catch
2009,Ntrawl,1,catch
2010,Ntrawl,1,catch
2011,Ntrawl,1,catch
2012,Ntrawl,1,catch
2013,Ntrawl,1,catch
2014,Ntrawl,1,catch
2015,Ntrawl,1,catch
2016,Ntrawl,1,catch
2017,Ntrawl,1,catch
2018,Ntrawl,1,catch
2019,Ntrawl,1,catch
2020,Ntrawl,1,catch
2021,Ntrawl,1,catch
2022,Ntrawl,1,catch
2023,Ntrawl,1,catch
1901,Strawl,1,catch
1902,Strawl,1,catch
1903,Strawl,1,catch
1904,Strawl,1,catch
1905,Strawl,1,catch
1906,Strawl,1,catch
1907,Strawl,1,catch
1908,Strawl,1,catch
1909,Strawl,1,catch
1910,Strawl,1,catch
1911,Strawl,1,catch
1912,Strawl,1,catch
1913,Strawl,1,catch
1914,Strawl,1,catch
1915,Strawl,1,catch
1916,Strawl,1,catch
1917,Strawl,1,catch
1918,Strawl,1,catch
1919,Strawl,1,catch
1920,Strawl,1,catch
1921,Strawl,1,catch
1922,Strawl,1,catch
1923,Strawl,1,catch
1924,Strawl,1,catch
1925,Strawl,1,catch
1926,Strawl,1,catch
1927,Strawl,1,catch
1928,Strawl,1,catch
1929,Strawl,1,catch
1930,Strawl,1,catch
1931,Strawl,1,catch
1932,Strawl,1,catch
1933,Strawl,1,catch
1934,Strawl,1,catch
1935,Strawl,1,catch
1936,Strawl,1,catch
1937,Strawl,1,catch
1938,Strawl,1,catch
1939,Strawl,1,catch
1940,Strawl,1,catch
1941,Strawl,1,catch
1942,Strawl,1,catch
1943,Strawl,1,catch
1944,Strawl,1,catch
1945,Strawl,1,catch
1946,Strawl,1,catch
1947,Strawl,1,catch
1948,Strawl,1,catch
1949,Strawl,1,catch
1950,Strawl,1,catch
1951,Strawl,1,catch
1952,Strawl,1,catch
1953,Strawl,1,catch
1954,Strawl,1,catch
1955,Strawl,1,catch
1956,Strawl,1,catch
1957,Strawl,1,catch
1958,Strawl,1,catch
1959,Strawl,1,catch
1960,Strawl,1,catch
1961,Strawl,1,catch
1962,Strawl,1,catch
1963,Strawl,1,catch
1964,Strawl,1,catch
1965,Strawl,1,catch
1966,Strawl,1,catch
1967,Strawl,1,catch
1968,Strawl,1,catch
1969,Strawl,1,catch
1970,Strawl,1,catch
1971,Strawl,1,catch
1972,Strawl,1,catch
1973,Strawl,1,catch
1974,Strawl,1,catch
1975,Strawl,1,catch
1976,Strawl,1,catch
1977,Strawl,1,catch
1978,Strawl,1,catch
1979,Strawl,1,catch
1980,Strawl,1,catch
1981,Strawl,1,catch
1982,Strawl,1,catch
1983,Strawl,1,catch
1984,Strawl,1,catch
1985,Strawl,1,catch
1986,Strawl,1,catch
1987,Strawl,1,catch
1988,Strawl,1,catch
1989,Strawl,1,catch
1990,Strawl,1,catch
1991,Strawl,1,catch
1992,Strawl,1,catch
1993,Strawl,1,catch
1994,Strawl,1,catch
1995,Strawl,1,catch
1996,Strawl,1,catch
1997,Strawl,1,catch
1998,Strawl,1,catch
1999,Strawl,1,catch
2000,Strawl,1,catch
2001,Strawl,1,catch
2002,Strawl,1,catch
2003,Strawl,1,catch
2004,Strawl,1,catch
2005,Strawl,1,catch
2006,Strawl,1,catch
2007,Strawl,1,catch
2008,Strawl,1,catch
2009,Strawl,1,catch
2010,Strawl,1,catch
2011,Strawl,1,catch
2012,Strawl,1,catch
2013,Strawl,1,catch
2014,Strawl,1,catch
2015,Strawl,1,catch
2016,Strawl,1,catch
2017,Strawl,1,catch
2018,Strawl,1,catch
2019,Strawl,1,catch
2020,Strawl,1,catch
2021,Strawl,1,catch
2022,Strawl,1,catch
2023,Strawl,1,catch
1901,Nother,0,catch
1902,Nother,0,catch
1903,Nother,0,catch
1904,Nother,0,catch
1905,Nother,0,catch
1906,Nother,0,catch
1907,Nother,0,catch
1908,Nother,0,catch
1909,Nother,0,catch
1910,Nother,0,catch
1911,Nother,0,catch
1912,Nother,0,catch
1913,Nother,0,catch
1914,Nother,0,catch
1915,Nother,0,catch
1916,Nother,0,catch
1917,Nother,0,catch
1918,Nother,0,catch
1919,Nother,0,catch
1920,Nother,0,catch
1921,Nother,0,catch
1922,Nother,0,catch
1923,Nother,0,catch
1924,Nother,0,catch
1925,Nother,0,catch
1926,Nother,0,catch
1927,Nother,0,catch
1928,Nother,0,catch
1929,Nother,0,catch
1930,Nother,0,catch
1931,Nother,0,catch
1932,Nother,0,catch
1933,Nother,0,catch
1934,Nother,0,catch
1935,Nother,0,catch
1936,Nother,0,catch
1937,Nother,0,catch
1938,Nother,0,catch
1939,Nother,0,catch
1940,Nother,0,catch
1941,Nother,0,catch
1942,Nother,0,catch
1943,Nother,0,catch
1944,Nother,0,catch
1945,Nother,0,catch
1946,Nother,0,catch
1947,Nother,0,catch
1948,Nother,0,catch
1949,Nother,0,catch
1950,Nother,0,catch
1951,Nother,0,catch
1952,Nother,0,catch
1953,Nother,0,catch
1954,Nother,0,catch
1955,Nother,0,catch
1956,Nother,0,catch
1957,Nother,0,catch
1958,Nother,0,catch
1959,Nother,0,catch
1960,Nother,0,catch
1961,Nother,0,catch
1962,Nother,0,catch
1963,Nother,0,catch
1964,Nother,0,catch
1965,Nother,0,catch
1966,Nother,0,catch
1967,Nother,0,catch
1968,Nother,0,catch
1969,Nother,0,catch
1970,Nother,0,catch
1971,Nother,0,catch
1972,Nother,0,catch
1973,Nother,0,catch
1974,Nother,0,catch
1975,Nother,0,catch
1976,Nother,0,catch
1977,Nother,0,catch
1978,Nother,0,catch
1979,Nother,0,catch
1980,Nother,0,catch
1981,Nother,0,catch
1982,Nother,0,catch
1983,Nother,0,catch
1984,Nother,0,catch
1985,Nother,0,catch
1986,Nother,0,catch
1987,Nother,1,catch
1988,Nother,1,catch
1989,Nother,1,catch
1990,Nother,1,catch
1991,Nother,1,catch
1992,Nother,1,catch
1993,Nother,1,catch
1994,Nother,1,catch
1995,Nother,1,catch
1996,Nother,1,catch
1997,Nother,1,catch
1998,Nother,1,catch
1999,Nother,1,catch
2000,Nother,1,catch
2001,Nother,1,catch
2002,Nother,1,catch
2003,Nother,1,catch
2004,Nother,1,catch
2005,Nother,1,catch
2006,Nother,1,catch
2007,Nother,1,catch
2008,Nother,1,catch
2009,Nother,1,catch
2010,Nother,1,catch
2011,Nother,1,catch
2012,Nother,1,catch
2013,Nother,1,catch
2014,Nother,1,catch
2015,Nother,1,catch
2016,Nother,1,catch
2017,Nother,1,catch
2018,Nother,1,catch
2019,Nother,1,catch
2020,Nother,1,catch
2021,Nother,1,catch
2022,Nother,1,catch
2023,Nother,1,catch
1901,Sother,0,catch
1902,Sother,0,catch
1903,Sother,0,catch
1904,Sother,0,catch
1905,Sother,0,catch
1906,Sother,0,catch
1907,Sother,0,catch
1908,Sother,0,catch
1909,Sother,0,catch
1910,Sother,0,catch
1911,Sother,0,catch
1912,Sother,0,catch
1913,Sother,0,catch
1914,Sother,0,catch
1915,Sother,0,catch
1916,Sother,0,catch
1917,Sother,0,catch
1918,Sother,0,catch
1919,Sother,0,catch
1920,Sother,0,catch
1921,Sother,0,catch
1922,Sother,0,catch
1923,Sother,0,catch
1924,Sother,0,catch
1925,Sother,0,catch
1926,Sother,0,catch
1927,Sother,0,catch
1928,Sother,0,catch
1929,Sother,0,catch
1930,Sother,0,catch
1931,Sother,0,catch
1932,Sother,0,catch
1933,Sother,0,catch
1934,Sother,0,catch
1935,Sother,0,catch
1936,Sother,0,catch
1937,Sother,0,catch
1938,Sother,0,catch
1939,Sother,0,catch
1940,Sother,0,catch
1941,Sother,0,catch
1942,Sother,0,catch
1943,Sother,0,catch
1944,Sother,0,catch
1945,Sother,0,catch
1946,Sother,0,catch
1947,Sother,0,catch
1948,Sother,0,catch
1949,Sother,0,catch
1950,Sother,0,catch
1951,Sother,0,catch
1952,Sother,0,catch
1953,Sother,0,catch
1954,Sother,0,catch
1955,Sother,0,catch
1956,Sother,0,catch
1957,Sother,0,catch
1958,Sother,0,catch
1959,Sother,0,catch
1960,Sother,0,catch
1961,Sother,0,catch
1962,Sother,0,catch
1963,Sother,0,catch
1964,Sother,0,catch
1965,Sother,0,catch
1966,Sother,0,catch
1967,Sother,0,catch
1968,Sother,0,catch
1969,Sother,0,catch
1970,Sother,0,catch
1971,Sother,0,catch
1972,Sother,0,catch
1973,Sother,0,catch
1974,Sother,0,catch
1975,Sother,0,catch
1976,Sother,0,catch
1977,Sother,0,catch
1978,Sother,0,catch
1979,Sother,0,catch
1980,Sother,0,catch
1981,Sother,1,catch
1982,Sother,1,catch
1983,Sother,1,catch
1984,Sother,1,catch
1985,Sother,1,catch
1986,Sother,1,catch
1987,Sother,1,catch
1988,Sother,1,catch
1989,Sother,1,catch
1990,Sother,1,catch
1991,Sother,1,catch
1992,Sother,1,catch
1993,Sother,1,catch
1994,Sother,1,catch
1995,Sother,1,catch
1996,Sother,1,catch
1997,Sother,1,catch
1998,Sother,1,catch
1999,Sother,1,catch
2000,Sother,1,catch
2001,Sother,1,catch
2002,Sother,1,catch
2003,Sother,1,catch
2004,Sother,1,catch
2005,Sother,1,catch
2006,Sother,1,catch
2007,Sother,1,catch
2008,Sother,1,catch
2009,Sother,1,catch
2010,Sother,1,catch
2011,Sother,1,catch
2012,Sother,1,catch
2013,Sother,1,catch
2014,Sother,1,catch
2015,Sother,1,catch
2016,Sother,1,catch
2017,Sother,1,catch
2018,Sother,1,catch
2019,Sother,1,catch
2020,Sother,1,catch
2021,Sother,1,catch
2022,Sother,1,catch
2023,Sother,1,catch
1901,D_Ntrawl,0,discards
1902,D_Ntrawl,0,discards
1903,D_Ntrawl,0,discards
1904,D_Ntrawl,0,discards
1905,D_Ntrawl,0,discards
1906,D_Ntrawl,0,discards
1907,D_Ntrawl,0,discards
1908,D_Ntrawl,0,discards
1909,D_Ntrawl,0,discards
1910,D_Ntrawl,0,discards
1911,D_Ntrawl,0,discards
1912,D_Ntrawl,0,discards
1913,D_Ntrawl,0,discards
1914,D_Ntrawl,0,discards
1915,D_Ntrawl,0,discards
1916,D_Ntrawl,0,discards
1917,D_Ntrawl,0,discards
1918,D_Ntrawl,0,discards
1919,D_Ntrawl,0,discards
1920,D_Ntrawl,0,discards
1921,D_Ntrawl,0,discards
1922,D_Ntrawl,0,discards
1923,D_Ntrawl,0,discards
1924,D_Ntrawl,0,discards
1925,D_Ntrawl,0,discards
1926,D_Ntrawl,0,discards
1927,D_Ntrawl,0,discards
1928,D_Ntrawl,0,discards
1929,D_Ntrawl,0,discards
1930,D_Ntrawl,0,discards
1931,D_Ntrawl,0,discards
1932,D_Ntrawl,0,discards
1933,D_Ntrawl,0,discards
1934,D_Ntrawl,0,discards
1935,D_Ntrawl,0,discards
1936,D_Ntrawl,0,discards
1937,D_Ntrawl,0,discards
1938,D_Ntrawl,0,discards
1939,D_Ntrawl,0,discards
1940,D_Ntrawl,0,discards
1941,D_Ntrawl,0,discards
1942,D_Ntrawl,0,discards
1943,D_Ntrawl,0,discards
1944,D_Ntrawl,0,discards
1945,D_Ntrawl,0,discards
1946,D_Ntrawl,0,discards
1947,D_Ntrawl,0,discards
1948,D_Ntrawl,0,discards
1949,D_Ntrawl,0,discards
1950,D_Ntrawl,0,discards
1951,D_Ntrawl,0,discards
1952,D_Ntrawl,0,discards
1953,D_Ntrawl,0,discards
1954,D_Ntrawl,0,discards
1955,D_Ntrawl,0,discards
1956,D_Ntrawl,0,discards
1957,D_Ntrawl,0,discards
1958,D_Ntrawl,0,discards
1959,D_Ntrawl,0,discards
1960,D_Ntrawl,0,discards
1961,D_Ntrawl,0,discards
1962,D_Ntrawl,0,discards
1963,D_Ntrawl,0,discards
1964,D_Ntrawl,0,discards
1965,D_Ntrawl,0,discards
1966,D_Ntrawl,0,discards
1967,D_Ntrawl,0,discards
1968,D_Ntrawl,0,discards
1969,D_Ntrawl,0,discards
1970,D_Ntrawl,0,discards
1971,D_Ntrawl,0,discards
1972,D_Ntrawl,0,discards
1973,D_Ntrawl,0,discards
1974,D_Ntrawl,0,discards
1975,D_Ntrawl,0,discards
1976,D_Ntrawl,0,discards
1977,D_Ntrawl,0,discards
1978,D_Ntrawl,0,discards
1979,D_Ntrawl,0,discards
1980,D_Ntrawl,0,discards
1981,D_Ntrawl,0,discards
1982,D_Ntrawl,0,discards
1983,D_Ntrawl,0,discards
1984,D_Ntrawl,0,discards
1985,D_Ntrawl,1,discards
1986,D_Ntrawl,1,discards
1987,D_Ntrawl,1,discards
1988,D_Ntrawl,0,discards
1989,D_Ntrawl,0,discards
1990,D_Ntrawl,0,discards
1991,D_Ntrawl,0,discards
1992,D_Ntrawl,0,discards
1993,D_Ntrawl,0,discards
1994,D_Ntrawl,0,discards
1995,D_Ntrawl,1,discards
1996,D_Ntrawl,1,discards
1997,D_Ntrawl,1,discards
1998,D_Ntrawl,1,discards
1999,D_Ntrawl,1,discards
2000,D_Ntrawl,0,discards
2001,D_Ntrawl,0,discards
2002,D_Ntrawl,1,discards
2003,D_Ntrawl,1,discards
2004,D_Ntrawl,1,discards
2005,D_Ntrawl,1,discards
2006,D_Ntrawl,1,discards
2007,D_Ntrawl,1,discards
2008,D_Ntrawl,1,discards
2009,D_Ntrawl,1,discards
2010,D_Ntrawl,1,discards
2011,D_Ntrawl,1,discards
2012,D_Ntrawl,1,discards
2013,D_Ntrawl,1,discards
2014,D_Ntrawl,1,discards
2015,D_Ntrawl,1,discards
2016,D_Ntrawl,1,discards
2017,D_Ntrawl,1,discards
2018,D_Ntrawl,1,discards
2019,D_Ntrawl,1,discards
2020,D_Ntrawl,1,discards
2021,D_Ntrawl,1,discards
2022,D_Ntrawl,1,discards
2023,D_Ntrawl,1,discards
1901,D_Strawl,0,discards
1902,D_Strawl,0,discards
1903,D_Strawl,0,discards
1904,D_Strawl,0,discards
1905,D_Strawl,0,discards
1906,D_Strawl,0,discards
1907,D_Strawl,0,discards
1908,D_Strawl,0,discards
1909,D_Strawl,0,discards
1910,D_Strawl,0,discards
1911,D_Strawl,0,discards
1912,D_Strawl,0,discards
1913,D_Strawl,0,discards
1914,D_Strawl,0,discards
1915,D_Strawl,0,discards
1916,D_Strawl,0,discards
1917,D_Strawl,0,discards
1918,D_Strawl,0,discards
1919,D_Strawl,0,discards
1920,D_Strawl,0,discards
1921,D_Strawl,0,discards
1922,D_Strawl,0,discards
1923,D_Strawl,0,discards
1924,D_Strawl,0,discards
1925,D_Strawl,0,discards
1926,D_Strawl,0,discards
1927,D_Strawl,0,discards
1928,D_Strawl,0,discards
1929,D_Strawl,0,discards
1930,D_Strawl,0,discards
1931,D_Strawl,0,discards
1932,D_Strawl,0,discards
1933,D_Strawl,0,discards
1934,D_Strawl,0,discards
1935,D_Strawl,0,discards
1936,D_Strawl,0,discards
1937,D_Strawl,0,discards
1938,D_Strawl,0,discards
1939,D_Strawl,0,discards
1940,D_Strawl,0,discards
1941,D_Strawl,0,discards
1942,D_Strawl,0,discards
1943,D_Strawl,0,discards
1944,D_Strawl,0,discards
1945,D_Strawl,0,discards
1946,D_Strawl,0,discards
1947,D_Strawl,0,discards
1948,D_Strawl,0,discards
1949,D_Strawl,0,discards
1950,D_Strawl,0,discards
1951,D_Strawl,0,discards
1952,D_Strawl,0,discards
1953,D_Strawl,0,discards
1954,D_Strawl,0,discards
1955,D_Strawl,0,discards
1956,D_Strawl,0,discards
1957,D_Strawl,0,discards
1958,D_Strawl,0,discards
1959,D_Strawl,0,discards
1960,D_Strawl,0,discards
1961,D_Strawl,0,discards
1962,D_Strawl,0,discards
1963,D_Strawl,0,discards
1964,D_Strawl,0,discards
1965,D_Strawl,0,discards
1966,D_Strawl,0,discards
1967,D_Strawl,0,discards
1968,D_Strawl,0,discards
1969,D_Strawl,0,discards
1970,D_Strawl,0,discards
1971,D_Strawl,0,discards
1972,D_Strawl,0,discards
1973,D_Strawl,0,discards
1974,D_Strawl,0,discards
1975,D_Strawl,0,discards
1976,D_Strawl,0,discards
1977,D_Strawl,0,discards
1978,D_Strawl,0,discards
1979,D_Strawl,0,discards
1980,D_Strawl,0,discards
1981,D_Strawl,0,discards
1982,D_Strawl,0,discards
1983,D_Strawl,0,discards
1984,D_Strawl,0,discards
1985,D_Strawl,0,discards
1986,D_Strawl,0,discards
1987,D_Strawl,0,discards
1988,D_Strawl,0,discards
1989,D_Strawl,0,discards
1990,D_Strawl,0,discards
1991,D_Strawl,0,discards
1992,D_Strawl,0,discards
1993,D_Strawl,0,discards
1994,D_Strawl,0,discards
1995,D_Strawl,0,discards
1996,D_Strawl,0,discards
1997,D_Strawl,0,discards
1998,D_Strawl,0,discards
1999,D_Strawl,0,discards
2000,D_Strawl,0,discards
2001,D_Strawl,0,discards
2002,D_Strawl,1,discards
2003,D_Strawl,1,discards
2004,D_Strawl,1,discards
2005,D_Strawl,1,discards
2006,D_Strawl,1,discards
2007,D_Strawl,1,discards
2008,D_Strawl,1,discards
2009,D_Strawl,1,discards
2010,D_Strawl,1,discards
2011,D_Strawl,1,discards
2012,D_Strawl,1,discards
2013,D_Strawl,1,discards
2014,D_Strawl,1,discards
2015,D_Strawl,1,discards
2016,D_Strawl,1,discards
2017,D_Strawl,1,discards
2018,D_Strawl,1,discards
2019,D_Strawl,1,discards
2020,D_Strawl,1,discards
2021,D_Strawl,1,discards
2022,D_Strawl,1,discards
2023,D_Strawl,1,discards
1901,D_Nother,0,discards
1902,D_Nother,0,discards
1903,D_Nother,0,discards
1904,D_Nother,0,discards
1905,D_Nother,0,discards
1906,D_Nother,0,discards
1907,D_Nother,0,discards
1908,D_Nother,0,discards
1909,D_Nother,0,discards
1910,D_Nother,0,discards
1911,D_Nother,0,discards
1912,D_Nother,0,discards
1913,D_Nother,0,discards
1914,D_Nother,0,discards
1915,D_Nother,0,discards
1916,D_Nother,0,discards
1917,D_Nother,0,discards
1918,D_Nother,0,discards
1919,D_Nother,0,discards
1920,D_Nother,0,discards
1921,D_Nother,0,discards
1922,D_Nother,0,discards
1923,D_Nother,0,discards
1924,D_Nother,0,discards
1925,D_Nother,0,discards
1926,D_Nother,0,discards
1927,D_Nother,0,discards
1928,D_Nother,0,discards
1929,D_Nother,0,discards
1930,D_Nother,0,discards
1931,D_Nother,0,discards
1932,D_Nother,0,discards
1933,D_Nother,0,discards
1934,D_Nother,0,discards
1935,D_Nother,0,discards
1936,D_Nother,0,discards
1937,D_Nother,0,discards
1938,D_Nother,0,discards
1939,D_Nother,0,discards
1940,D_Nother,0,discards
1941,D_Nother,0,discards
1942,D_Nother,0,discards
1943,D_Nother,0,discards
1944,D_Nother,0,discards
1945,D_Nother,0,discards
1946,D_Nother,0,discards
1947,D_Nother,0,discards
1948,D_Nother,0,discards
1949,D_Nother,0,discards
1950,D_Nother,0,discards
1951,D_Nother,0,discards
1952,D_Nother,0,discards
1953,D_Nother,0,discards
1954,D_Nother,0,discards
1955,D_Nother,0,discards
1956,D_Nother,0,discards
1957,D_Nother,0,discards
1958,D_Nother,0,discards
1959,D_Nother,0,discards
1960,D_Nother,0,discards
1961,D_Nother,0,discards
1962,D_Nother,0,discards
1963,D_Nother,0,discards
1964,D_Nother,0,discards
1965,D_Nother,0,discards
1966,D_Nother,0,discards
1967,D_Nother,0,discards
1968,D_Nother,0,discards
1969,D_Nother,0,discards
1970,D_Nother,0,discards
1971,D_Nother,0,discards
1972,D_Nother,0,discards
1973,D_Nother,0,discards
1974,D_Nother,0,discards
1975,D_Nother,0,discards
1976,D_Nother,0,discards
1977,D_Nother,0,discards
1978,D_Nother,0,discards
1979,D_Nother,0,discards
1980,D_Nother,0,discards
1981,D_Nother,0,discards
1982,D_Nother,0,discards
1983,D_Nother,0,discards
1984,D_Nother,0,discards
1985,D_Nother,0,discards
1986,D_Nother,0,discards
1987,D_Nother,0,discards
1988,D_Nother,0,discards
1989,D_Nother,0,discards
1990,D_Nother,0,discards
1991,D_Nother,0,discards
1992,D_Nother,0,discards
1993,D_Nother,0,discards
1994,D_Nother,0,discards
1995,D_Nother,0,discards
1996,D_Nother,0,discards
1997,D_Nother,0,discards
1998,D_Nother,0,discards
1999,D_Nother,0,discards
2000,D_Nother,0,discards
2001,D_Nother,0,discards
2002,D_Nother,1,discards
2003,D_Nother,1,discards
2004,D_Nother,1,discards
2005,D_Nother,1,discards
2006,D_Nother,1,discards
2007,D_Nother,1,discards
2008,D_Nother,1,discards
2009,D_Nother,1,discards
2010,D_Nother,1,discards
2011,D_Nother,1,discards
2012,D_Nother,1,discards
2013,D_Nother,1,discards
2014,D_Nother,1,discards
2015,D_Nother,1,discards
2016,D_Nother,1,discards
2017,D_Nother,1,discards
2018,D_Nother,1,discards
2019,D_Nother,1,discards
2020,D_Nother,1,discards
2021,D_Nother,1,discards
2022,D_Nother,1,discards
2023,D_Nother,1,discards
1901,D_Sother,0,discards
1902,D_Sother,0,discards
1903,D_Sother,0,discards
1904,D_Sother,0,discards
1905,D_Sother,0,discards
1906,D_Sother,0,discards
1907,D_Sother,0,discards
1908,D_Sother,0,discards
1909,D_Sother,0,discards
1910,D_Sother,0,discards
1911,D_Sother,0,discards
1912,D_Sother,0,discards
1913,D_Sother,0,discards
1914,D_Sother,0,discards
1915,D_Sother,0,discards
1916,D_Sother,0,discards
1917,D_Sother,0,discards
1918,D_Sother,0,discards
1919,D_Sother,0,discards
1920,D_Sother,0,discards
1921,D_Sother,0,discards
1922,D_Sother,0,discards
1923,D_Sother,0,discards
1924,D_Sother,0,discards
1925,D_Sother,0,discards
1926,D_Sother,0,discards
1927,D_Sother,0,discards
1928,D_Sother,0,discards
1929,D_Sother,0,discards
1930,D_Sother,0,discards
1931,D_Sother,0,discards
1932,D_Sother,0,discards
1933,D_Sother,0,discards
1934,D_Sother,0,discards
1935,D_Sother,0,discards
1936,D_Sother,0,discards
1937,D_Sother,0,discards
1938,D_Sother,0,discards
1939,D_Sother,0,discards
1940,D_Sother,0,discards
1941,D_Sother,0,discards
1942,D_Sother,0,discards
1943,D_Sother,0,discards
1944,D_Sother,0,discards
1945,D_Sother,0,discards
1946,D_Sother,0,discards
1947,D_Sother,0,discards
1948,D_Sother,0,discards
1949,D_Sother,0,discards
1950,D_Sother,0,discards
1951,D_Sother,0,discards
1952,D_Sother,0,discards
1953,D_Sother,0,discards
1954,D_Sother,0,discards
1955,D_Sother,0,discards
1956,D_Sother,0,discards
1957,D_Sother,0,discards
1958,D_Sother,0,discards
1959,D_Sother,0,discards
1960,D_Sother,0,discards
1961,D_Sother,0,discards
1962,D_Sother,0,discards
1963,D_Sother,0,discards
1964,D_Sother,0,discards
1965,D_Sother,0,discards
1966,D_Sother,0,discards
1967,D_Sother,0,discards
1968,D_Sother,0,discards
1969,D_Sother,0,discards
1970,D_Sother,0,discards
1971,D_Sother,0,discards
1972,D_Sother,0,discards
1973,D_Sother,0,discards
1974,D_Sother,0,discards
1975,D_Sother,0,discards
1976,D_Sother,0,discards
1977,D_Sother,0,discards
1978,D_Sother,0,discards
1979,D_Sother,0,discards
1980,D_Sother,0,discards
1981,D_Sother,0,discards
1982,D_Sother,0,discards
1983,D_Sother,0,discards
1984,D_Sother,0,discards
1985,D_Sother,0,discards
1986,D_Sother,0,discards
1987,D_Sother,0,discards
1988,D_Sother,0,discards
1989,D_Sother,0,discards
1990,D_Sother,0,discards
1991,D_Sother,0,discards
1992,D_Sother,0,discards
1993,D_Sother,0,discards
1994,D_Sother,0,discards
1995,D_Sother,0,discards
1996,D_Sother,0,discards
1997,D_Sother,0,discards
1998,D_Sother,0,discards
1999,D_Sother,0,discards
2000,D_Sother,0,discards
2001,D_Sother,0,discards
2002,D_Sother,1,discards
2003,D_Sother,1,discards
2004,D_Sother,1,discards
2005,D_Sother,1,discards
2006,D_Sother,1,discards
2007,D_Sother,1,discards
2008,D_Sother,1,discards
2009,D_Sother,1,discards
2010,D_Sother,1,discards
2011,D_Sother,1,discards
2012,D_Sother,1,discards
2013,D_Sother,1,discards
2014,D_Sother,1,discards
2015,D_Sother,1,discards
2016,D_Sother,1,discards
2017,D_Sother,1,discards
2018,D_Sother,1,discards
2019,D_Sother,1,discards
2020,D_Sother,1,discards
2021,D_Sother,1,discards
2022,D_Sother,1,discards
2023,D_Sother,1,discards
1901,AFSCTriennialSurvey1,0,survey
1902,AFSCTriennialSurvey1,0,survey
1903,AFSCTriennialSurvey1,0,survey
1904,AFSCTriennialSurvey1,0,survey
1905,AFSCTriennialSurvey1,0,survey
1906,AFSCTriennialSurvey1,0,survey
1907,AFSCTriennialSurvey1,0,survey
1908,AFSCTriennialSurvey1,0,survey
1909,AFSCTriennialSurvey1,0,survey
1910,AFSCTriennialSurvey1,0,survey
1911,AFSCTriennialSurvey1,0,survey
1912,AFSCTriennialSurvey1,0,survey
1913,AFSCTriennialSurvey1,0,survey
1914,AFSCTriennialSurvey1,0,survey
1915,AFSCTriennialSurvey1,0,survey
1916,AFSCTriennialSurvey1,0,survey
1917,AFSCTriennialSurvey1,0,survey
1918,AFSCTriennialSurvey1,0,survey
1919,AFSCTriennialSurvey1,0,survey
1920,AFSCTriennialSurvey1,0,survey
1921,AFSCTriennialSurvey1,0,survey
1922,AFSCTriennialSurvey1,0,survey
1923,AFSCTriennialSurvey1,0,survey
1924,AFSCTriennialSurvey1,0,survey
1925,AFSCTriennialSurvey1,0,survey
1926,AFSCTriennialSurvey1,0,survey
1927,AFSCTriennialSurvey1,0,survey
1928,AFSCTriennialSurvey1,0,survey
1929,AFSCTriennialSurvey1,0,survey
1930,AFSCTriennialSurvey1,0,survey
1931,AFSCTriennialSurvey1,0,survey
1932,AFSCTriennialSurvey1,0,survey
1933,AFSCTriennialSurvey1,0,survey
1934,AFSCTriennialSurvey1,0,survey
1935,AFSCTriennialSurvey1,0,survey
1936,AFSCTriennialSurvey1,0,survey
1937,AFSCTriennialSurvey1,0,survey
1938,AFSCTriennialSurvey1,0,survey
1939,AFSCTriennialSurvey1,0,survey
1940,AFSCTriennialSurvey1,0,survey
1941,AFSCTriennialSurvey1,0,survey
1942,AFSCTriennialSurvey1,0,survey
1943,AFSCTriennialSurvey1,0,survey
1944,AFSCTriennialSurvey1,0,survey
1945,AFSCTriennialSurvey1,0,survey
1946,AFSCTriennialSurvey1,0,survey
1947,AFSCTriennialSurvey1,0,survey
1948,AFSCTriennialSurvey1,0,survey
1949,AFSCTriennialSurvey1,0,survey
1950,AFSCTriennialSurvey1,0,survey
1951,AFSCTriennialSurvey1,0,survey
1952,AFSCTriennialSurvey1,0,survey
1953,AFSCTriennialSurvey1,0,survey
1954,AFSCTriennialSurvey1,0,survey
1955,AFSCTriennialSurvey1,0,survey
1956,AFSCTriennialSurvey1,0,survey
1957,AFSCTriennialSurvey1,0,survey
1958,AFSCTriennialSurvey1,0,survey
1959,AFSCTriennialSurvey1,0,survey
1960,AFSCTriennialSurvey1,0,survey
1961,AFSCTriennialSurvey1,0,survey
1962,AFSCTriennialSurvey1,0,survey
1963,AFSCTriennialSurvey1,0,survey
1964,AFSCTriennialSurvey1,0,survey
1965,AFSCTriennialSurvey1,0,survey
1966,AFSCTriennialSurvey1,0,survey
1967,AFSCTriennialSurvey1,0,survey
1968,AFSCTriennialSurvey1,0,survey
1969,AFSCTriennialSurvey1,0,survey
1970,AFSCTriennialSurvey1,0,survey
1971,AFSCTriennialSurvey1,0,survey
1972,AFSCTriennialSurvey1,0,survey
1973,AFSCTriennialSurvey1,0,survey
1974,AFSCTriennialSurvey1,0,survey
1975,AFSCTriennialSurvey1,0,survey
1976,AFSCTriennialSurvey1,0,survey
1977,AFSCTriennialSurvey1,0,survey
1978,AFSCTriennialSurvey1,0,survey
1979,AFSCTriennialSurvey1,0,survey
1980,AFSCTriennialSurvey1,1,survey
1981,AFSCTriennialSurvey1,0,survey
1982,AFSCTriennialSurvey1,0,survey
1983,AFSCTriennialSurvey1,1,survey
1984,AFSCTriennialSurvey1,0,survey
1985,AFSCTriennialSurvey1,0,survey
1986,AFSCTriennialSurvey1,1,survey
1987,AFSCTriennialSurvey1,0,survey
1988,AFSCTriennialSurvey1,0,survey
1989,AFSCTriennialSurvey1,1,survey
1990,AFSCTriennialSurvey1,0,survey
1991,AFSCTriennialSurvey1,0,survey
1992,AFSCTriennialSurvey1,1,survey
1993,AFSCTriennialSurvey1,0,survey
1994,AFSCTriennialSurvey1,0,survey
1995,AFSCTriennialSurvey1,1,survey
1996,AFSCTriennialSurvey1,0,survey
1997,AFSCTriennialSurvey1,0,survey
1998,AFSCTriennialSurvey1,1,survey
1999,AFSCTriennialSurvey1,0,survey
2000,AFSCTriennialSurvey1,0,survey
2001,AFSCTriennialSurvey1,1,survey
2002,AFSCTriennialSurvey1,0,survey
2003,AFSCTriennialSurvey1,0,survey
2004,AFSCTriennialSurvey1,1,survey
2005,AFSCTriennialSurvey1,0,survey
2006,AFSCTriennialSurvey1,0,survey
2007,AFSCTriennialSurvey1,0,survey
2008,AFSCTriennialSurvey1,0,survey
2009,AFSCTriennialSurvey1,0,survey
2010,AFSCTriennialSurvey1,0,survey
2011,AFSCTriennialSurvey1,0,survey
2012,AFSCTriennialSurvey1,0,survey
2013,AFSCTriennialSurvey1,0,survey
2014,AFSCTriennialSurvey1,0,survey
2015,AFSCTriennialSurvey1,0,survey
2016,AFSCTriennialSurvey1,0,survey
2017,AFSCTriennialSurvey1,0,survey
2018,AFSCTriennialSurvey1,0,survey
2019,AFSCTriennialSurvey1,0,survey
2020,AFSCTriennialSurvey1,0,survey
2021,AFSCTriennialSurvey1,0,survey
2022,AFSCTriennialSurvey1,0,survey
2023,AFSCTriennialSurvey1,0,survey
1901,AFSCTriennialSurvey2,0,survey
1902,AFSCTriennialSurvey2,0,survey
1903,AFSCTriennialSurvey2,0,survey
1904,AFSCTriennialSurvey2,0,survey
1905,AFSCTriennialSurvey2,0,survey
1906,AFSCTriennialSurvey2,0,survey
1907,AFSCTriennialSurvey2,0,survey
1908,AFSCTriennialSurvey2,0,survey
1909,AFSCTriennialSurvey2,0,survey
1910,AFSCTriennialSurvey2,0,survey
1911,AFSCTriennialSurvey2,0,survey
1912,AFSCTriennialSurvey2,0,survey
1913,AFSCTriennialSurvey2,0,survey
1914,AFSCTriennialSurvey2,0,survey
1915,AFSCTriennialSurvey2,0,survey
1916,AFSCTriennialSurvey2,0,survey
1917,AFSCTriennialSurvey2,0,survey
1918,AFSCTriennialSurvey2,0,survey
1919,AFSCTriennialSurvey2,0,survey
1920,AFSCTriennialSurvey2,0,survey
1921,AFSCTriennialSurvey2,0,survey
1922,AFSCTriennialSurvey2,0,survey
1923,AFSCTriennialSurvey2,0,survey
1924,AFSCTriennialSurvey2,0,survey
1925,AFSCTriennialSurvey2,0,survey
1926,AFSCTriennialSurvey2,0,survey
1927,AFSCTriennialSurvey2,0,survey
1928,AFSCTriennialSurvey2,0,survey
1929,AFSCTriennialSurvey2,0,survey
1930,AFSCTriennialSurvey2,0,survey
1931,AFSCTriennialSurvey2,0,survey
1932,AFSCTriennialSurvey2,0,survey
1933,AFSCTriennialSurvey2,0,survey
1934,AFSCTriennialSurvey2,0,survey
1935,AFSCTriennialSurvey2,0,survey
1936,AFSCTriennialSurvey2,0,survey
1937,AFSCTriennialSurvey2,0,survey
1938,AFSCTriennialSurvey2,0,survey
1939,AFSCTriennialSurvey2,0,survey
1940,AFSCTriennialSurvey2,0,survey
1941,AFSCTriennialSurvey2,0,survey
1942,AFSCTriennialSurvey2,0,survey
1943,AFSCTriennialSurvey2,0,survey
1944,AFSCTriennialSurvey2,0,survey
1945,AFSCTriennialSurvey2,0,survey
1946,AFSCTriennialSurvey2,0,survey
1947,AFSCTriennialSurvey2,0,survey
1948,AFSCTriennialSurvey2,0,survey
1949,AFSCTriennialSurvey2,0,survey
1950,AFSCTriennialSurvey2,0,survey
1951,AFSCTriennialSurvey2,0,survey
1952,AFSCTriennialSurvey2,0,survey
1953,AFSCTriennialSurvey2,0,survey
1954,AFSCTriennialSurvey2,0,survey
1955,AFSCTriennialSurvey2,0,survey
1956,AFSCTriennialSurvey2,0,survey
1957,AFSCTriennialSurvey2,0,survey
1958,AFSCTriennialSurvey2,0,survey
1959,AFSCTriennialSurvey2,0,survey
1960,AFSCTriennialSurvey2,0,survey
1961,AFSCTriennialSurvey2,0,survey
1962,AFSCTriennialSurvey2,0,survey
1963,AFSCTriennialSurvey2,0,survey
1964,AFSCTriennialSurvey2,0,survey
1965,AFSCTriennialSurvey2,0,survey
1966,AFSCTriennialSurvey2,0,survey
1967,AFSCTriennialSurvey2,0,survey
1968,AFSCTriennialSurvey2,0,survey
1969,AFSCTriennialSurvey2,0,survey
1970,AFSCTriennialSurvey2,0,survey
1971,AFSCTriennialSurvey2,0,survey
1972,AFSCTriennialSurvey2,0,survey
1973,AFSCTriennialSurvey2,0,survey
1974,AFSCTriennialSurvey2,0,survey
1975,AFSCTriennialSurvey2,0,survey
1976,AFSCTriennialSurvey2,0,survey
1977,AFSCTriennialSurvey2,0,survey
1978,AFSCTriennialSurvey2,0,survey
1979,AFSCTriennialSurvey2,0,survey
1980,AFSCTriennialSurvey2,0,survey
1981,AFSCTriennialSurvey2,0,survey
1982,AFSCTriennialSurvey2,0,survey
1983,AFSCTriennialSurvey2,0,survey
1984,AFSCTriennialSurvey2,0,survey
1985,AFSCTriennialSurvey2,0,survey
1986,AFSCTriennialSurvey2,0,survey
1987,AFSCTriennialSurvey2,0,survey
1988,AFSCTriennialSurvey2,0,survey
1989,AFSCTriennialSurvey2,0,survey
1990,AFSCTriennialSurvey2,0,survey
1991,AFSCTriennialSurvey2,0,survey
1992,AFSCTriennialSurvey2,0,survey
1993,AFSCTriennialSurvey2,0,survey
1994,AFSCTriennialSurvey2,0,survey
1995,AFSCTriennialSurvey2,1,survey
1996,AFSCTriennialSurvey2,0,survey
1997,AFSCTriennialSurvey2,0,survey
1998,AFSCTriennialSurvey2,1,survey
1999,AFSCTriennialSurvey2,0,survey
2000,AFSCTriennialSurvey2,0,survey
2001,AFSCTriennialSurvey2,1,survey
2002,AFSCTriennialSurvey2,0,survey
2003,AFSCTriennialSurvey2,0,survey
2004,AFSCTriennialSurvey2,1,survey
2005,AFSCTriennialSurvey2,0,survey
2006,AFSCTriennialSurvey2,0,survey
2007,AFSCTriennialSurvey2,0,survey
2008,AFSCTriennialSurvey2,0,survey
2009,AFSCTriennialSurvey2,0,survey
2010,AFSCTriennialSurvey2,0,survey
2011,AFSCTriennialSurvey2,0,survey
2012,AFSCTriennialSurvey2,0,survey
2013,AFSCTriennialSurvey2,0,survey
2014,AFSCTriennialSurvey2,0,survey
2015,AFSCTriennialSurvey2,0,survey
2016,AFSCTriennialSurvey2,0,survey
2017,AFSCTriennialSurvey2,0,survey
2018,AFSCTriennialSurvey2,0,survey
2019,AFSCTriennialSurvey2,0,survey
2020,AFSCTriennialSurvey2,0,survey
2021,AFSCTriennialSurvey2,0,survey
2022,AFSCTriennialSurvey2,0,survey
2023,AFSCTriennialSurvey2,0,survey
1901,AFSCSlopeSurvey,0,survey
1902,AFSCSlopeSurvey,0,survey
1903,AFSCSlopeSurvey,0,survey
1904,AFSCSlopeSurvey,0,survey
1905,AFSCSlopeSurvey,0,survey
1906,AFSCSlopeSurvey,0,survey
1907,AFSCSlopeSurvey,0,survey
1908,AFSCSlopeSurvey,0,survey
1909,AFSCSlopeSurvey,0,survey
1910,AFSCSlopeSurvey,0,survey
1911,AFSCSlopeSurvey,0,survey
1912,AFSCSlopeSurvey,0,survey
1913,AFSCSlopeSurvey,0,survey
1914,AFSCSlopeSurvey,0,survey
1915,AFSCSlopeSurvey,0,survey
1916,AFSCSlopeSurvey,0,survey
1917,AFSCSlopeSurvey,0,survey
1918,AFSCSlopeSurvey,0,survey
1919,AFSCSlopeSurvey,0,survey
1920,AFSCSlopeSurvey,0,survey
1921,AFSCSlopeSurvey,0,survey
1922,AFSCSlopeSurvey,0,survey
1923,AFSCSlopeSurvey,0,survey
1924,AFSCSlopeSurvey,0,survey
1925,AFSCSlopeSurvey,0,survey
1926,AFSCSlopeSurvey,0,survey
1927,AFSCSlopeSurvey,0,survey
1928,AFSCSlopeSurvey,0,survey
1929,AFSCSlopeSurvey,0,survey
1930,AFSCSlopeSurvey,0,survey
1931,AFSCSlopeSurvey,0,survey
1932,AFSCSlopeSurvey,0,survey
1933,AFSCSlopeSurvey,0,survey
1934,AFSCSlopeSurvey,0,survey
1935,AFSCSlopeSurvey,0,survey
1936,AFSCSlopeSurvey,0,survey
1937,AFSCSlopeSurvey,0,survey
1938,AFSCSlopeSurvey,0,survey
1939,AFSCSlopeSurvey,0,survey
1940,AFSCSlopeSurvey,0,survey
1941,AFSCSlopeSurvey,0,survey
1942,AFSCSlopeSurvey,0,survey
1943,AFSCSlopeSurvey,0,survey
1944,AFSCSlopeSurvey,0,survey
1945,AFSCSlopeSurvey,0,survey
1946,AFSCSlopeSurvey,0,survey
1947,AFSCSlopeSurvey,0,survey
1948,AFSCSlopeSurvey,0,survey
1949,AFSCSlopeSurvey,0,survey
1950,AFSCSlopeSurvey,0,survey
1951,AFSCSlopeSurvey,0,survey
1952,AFSCSlopeSurvey,0,survey
1953,AFSCSlopeSurvey,0,survey
1954,AFSCSlopeSurvey,0,survey
1955,AFSCSlopeSurvey,0,survey
1956,AFSCSlopeSurvey,0,survey
1957,AFSCSlopeSurvey,0,survey
1958,AFSCSlopeSurvey,0,survey
1959,AFSCSlopeSurvey,0,survey
1960,AFSCSlopeSurvey,0,survey
1961,AFSCSlopeSurvey,0,survey
1962,AFSCSlopeSurvey,0,survey
1963,AFSCSlopeSurvey,0,survey
1964,AFSCSlopeSurvey,0,survey
1965,AFSCSlopeSurvey,0,survey
1966,AFSCSlopeSurvey,0,survey
1967,AFSCSlopeSurvey,0,survey
1968,AFSCSlopeSurvey,0,survey
1969,AFSCSlopeSurvey,0,survey
1970,AFSCSlopeSurvey,0,survey
1971,AFSCSlopeSurvey,0,survey
1972,AFSCSlopeSurvey,0,survey
1973,AFSCSlopeSurvey,0,survey
1974,AFSCSlopeSurvey,0,survey
1975,AFSCSlopeSurvey,0,survey
1976,AFSCSlopeSurvey,0,survey
1977,AFSCSlopeSurvey,0,survey
1978,AFSCSlopeSurvey,0,survey
1979,AFSCSlopeSurvey,0,survey
1980,AFSCSlopeSurvey,0,survey
1981,AFSCSlopeSurvey,0,survey
1982,AFSCSlopeSurvey,0,survey
1983,AFSCSlopeSurvey,0,survey
1984,AFSCSlopeSurvey,0,survey
1985,AFSCSlopeSurvey,0,survey
1986,AFSCSlopeSurvey,0,survey
1987,AFSCSlopeSurvey,0,survey
1988,AFSCSlopeSurvey,0,survey
1989,AFSCSlopeSurvey,0,survey
1990,AFSCSlopeSurvey,0,survey
1991,AFSCSlopeSurvey,0,survey
1992,AFSCSlopeSurvey,0,survey
1993,AFSCSlopeSurvey,0,survey
1994,AFSCSlopeSurvey,0,survey
1995,AFSCSlopeSurvey,0,survey
1996,AFSCSlopeSurvey,0,survey
1997,AFSCSlopeSurvey,1,survey
1998,AFSCSlopeSurvey,0,survey
1999,AFSCSlopeSurvey,1,survey
2000,AFSCSlopeSurvey,1,survey
2001,AFSCSlopeSurvey,1,survey
2002,AFSCSlopeSurvey,0,survey
2003,AFSCSlopeSurvey,0,survey
2004,AFSCSlopeSurvey,0,survey
2005,AFSCSlopeSurvey,0,survey
2006,AFSCSlopeSurvey,0,survey
2007,AFSCSlopeSurvey,0,survey
2008,AFSCSlopeSurvey,0,survey
2009,AFSCSlopeSurvey,0,survey
2010,AFSCSlopeSurvey,0,survey
2011,AFSCSlopeSurvey,0,survey
2012,AFSCSlopeSurvey,0,survey
2013,AFSCSlopeSurvey,0,survey
2014,AFSCSlopeSurvey,0,survey
2015,AFSCSlopeSurvey,0,survey
2016,AFSCSlopeSurvey,0,survey
2017,AFSCSlopeSurvey,0,survey
2018,AFSCSlopeSurvey,0,survey
2019,AFSCSlopeSurvey,0,survey
2020,AFSCSlopeSurvey,0,survey
2021,AFSCSlopeSurvey,0,survey
2022,AFSCSlopeSurvey,0,survey
2023,AFSCSlopeSurvey,0,survey
1901,ComboSurvey,0,survey
1902,ComboSurvey,0,survey
1903,ComboSurvey,0,survey
1904,ComboSurvey,0,survey
1905,ComboSurvey,0,survey
1906,ComboSurvey,0,survey
1907,ComboSurvey,0,survey
1908,ComboSurvey,0,survey
1909,ComboSurvey,0,survey
1910,ComboSurvey,0,survey
1911,ComboSurvey,0,survey
1912,ComboSurvey,0,survey
1913,ComboSurvey,0,survey
1914,ComboSurvey,0,survey
1915,ComboSurvey,0,survey
1916,ComboSurvey,0,survey
1917,ComboSurvey,0,survey
1918,ComboSurvey,0,survey
1919,ComboSurvey,0,survey
1920,ComboSurvey,0,survey
1921,ComboSurvey,0,survey
1922,ComboSurvey,0,survey
1923,ComboSurvey,0,survey
1924,ComboSurvey,0,survey
1925,ComboSurvey,0,survey
1926,ComboSurvey,0,survey
1927,ComboSurvey,0,survey
1928,ComboSurvey,0,survey
1929,ComboSurvey,0,survey
1930,ComboSurvey,0,survey
1931,ComboSurvey,0,survey
1932,ComboSurvey,0,survey
1933,ComboSurvey,0,survey
1934,ComboSurvey,0,survey
1935,ComboSurvey,0,survey
1936,ComboSurvey,0,survey
1937,ComboSurvey,0,survey
1938,ComboSurvey,0,survey
1939,ComboSurvey,0,survey
1940,ComboSurvey,0,survey
1941,ComboSurvey,0,survey
1942,ComboSurvey,0,survey
1943,ComboSurvey,0,survey
1944,ComboSurvey,0,survey
1945,ComboSurvey,0,survey
1946,ComboSurvey,0,survey
1947,ComboSurvey,0,survey
1948,ComboSurvey,0,survey
1949,ComboSurvey,0,survey
1950,ComboSurvey,0,survey
1951,ComboSurvey,0,survey
1952,ComboSurvey,0,survey
1953,ComboSurvey,0,survey
1954,ComboSurvey,0,survey
1955,ComboSurvey,0,survey
1956,ComboSurvey,0,survey
1957,ComboSurvey,0,survey
1958,ComboSurvey,0,survey
1959,ComboSurvey,0,survey
1960,ComboSurvey,0,survey
1961,ComboSurvey,0,survey
1962,ComboSurvey,0,survey
1963,ComboSurvey,0,survey
1964,ComboSurvey,0,survey
1965,ComboSurvey,0,survey
1966,ComboSurvey,0,survey
1967,ComboSurvey,0,survey
1968,ComboSurvey,0,survey
1969,ComboSurvey,0,survey
1970,ComboSurvey,0,survey
1971,ComboSurvey,0,survey
1972,ComboSurvey,0,survey
1973,ComboSurvey,0,survey
1974,ComboSurvey,0,survey
1975,ComboSurvey,0,survey
1976,ComboSurvey,0,survey
1977,ComboSurvey,0,survey
1978,ComboSurvey,0,survey
1979,ComboSurvey,0,survey
1980,ComboSurvey,0,survey
1981,ComboSurvey,0,survey
1982,ComboSurvey,0,survey
1983,ComboSurvey,0,survey
1984,ComboSurvey,0,survey
1985,ComboSurvey,0,survey
1986,ComboSurvey,0,survey
1987,ComboSurvey,0,survey
1988,ComboSurvey,0,survey
1989,ComboSurvey,0,survey
1990,ComboSurvey,0,survey
1991,ComboSurvey,0,survey
1992,ComboSurvey,0,survey
1993,ComboSurvey,0,survey
1994,ComboSurvey,0,survey
1995,ComboSurvey,0,survey
1996,ComboSurvey,0,survey
1997,ComboSurvey,0,survey
1998,ComboSurvey,1,survey
1999,ComboSurvey,1,survey
2000,ComboSurvey,1,survey
2001,ComboSurvey,1,survey
2002,ComboSurvey,1,survey
2003,ComboSurvey,1,survey
2004,ComboSurvey,1,survey
2005,ComboSurvey,1,survey
2006,ComboSurvey,1,survey
2007,ComboSurvey,1,survey
2008,ComboSurvey,1,survey
2009,ComboSurvey,1,survey
2010,ComboSurvey,1,survey
2011,ComboSurvey,1,survey
2012,ComboSurvey,1,survey
2013,ComboSurvey,1,survey
2014,ComboSurvey,1,survey
2015,ComboSurvey,1,survey
2016,ComboSurvey,1,survey
2017,ComboSurvey,1,survey
2018,ComboSurvey,1,survey
2019,ComboSurvey,1,survey
2020,ComboSurvey,0,survey
2021,ComboSurvey,1,survey
2022,ComboSurvey,1,survey
2023,ComboSurvey,1,survey
1901,L_Ntrawl,0,lengthcomps
1902,L_Ntrawl,0,lengthcomps
1903,L_Ntrawl,0,lengthcomps
1904,L_Ntrawl,0,lengthcomps
1905,L_Ntrawl,0,lengthcomps
1906,L_Ntrawl,0,lengthcomps
1907,L_Ntrawl,0,lengthcomps
1908,L_Ntrawl,0,lengthcomps
1909,L_Ntrawl,0,lengthcomps
1910,L_Ntrawl,0,lengthcomps
1911,L_Ntrawl,0,lengthcomps
1912,L_Ntrawl,0,lengthcomps
1913,L_Ntrawl,0,lengthcomps
1914,L_Ntrawl,0,lengthcomps
1915,L_Ntrawl,0,lengthcomps
1916,L_Ntrawl,0,lengthcomps
1917,L_Ntrawl,0,lengthcomps
1918,L_Ntrawl,0,lengthcomps
1919,L_Ntrawl,0,lengthcomps
1920,L_Ntrawl,0,lengthcomps
1921,L_Ntrawl,0,lengthcomps
1922,L_Ntrawl,0,lengthcomps
1923,L_Ntrawl,0,lengthcomps
1924,L_Ntrawl,0,lengthcomps
1925,L_Ntrawl,0,lengthcomps
1926,L_Ntrawl,0,lengthcomps
1927,L_Ntrawl,0,lengthcomps
1928,L_Ntrawl,0,lengthcomps
1929,L_Ntrawl,0,lengthcomps
1930,L_Ntrawl,0,lengthcomps
1931,L_Ntrawl,0,lengthcomps
1932,L_Ntrawl,0,lengthcomps
1933,L_Ntrawl,0,lengthcomps
1934,L_Ntrawl,0,lengthcomps
1935,L_Ntrawl,0,lengthcomps
1936,L_Ntrawl,0,lengthcomps
1937,L_Ntrawl,0,lengthcomps
1938,L_Ntrawl,0,lengthcomps
1939,L_Ntrawl,0,lengthcomps
1940,L_Ntrawl,0,lengthcomps
1941,L_Ntrawl,0,lengthcomps
1942,L_Ntrawl,0,lengthcomps
1943,L_Ntrawl,0,lengthcomps
1944,L_Ntrawl,0,lengthcomps
1945,L_Ntrawl,0,lengthcomps
1946,L_Ntrawl,0,lengthcomps
1947,L_Ntrawl,0,lengthcomps
1948,L_Ntrawl,0,lengthcomps
1949,L_Ntrawl,0,lengthcomps
1950,L_Ntrawl,0,lengthcomps
1951,L_Ntrawl,0,lengthcomps
1952,L_Ntrawl,0,lengthcomps
1953,L_Ntrawl,0,lengthcomps
1954,L_Ntrawl,0,lengthcomps
1955,L_Ntrawl,0,lengthcomps
1956,L_Ntrawl,0,lengthcomps
1957,L_Ntrawl,0,lengthcomps
1958,L_Ntrawl,0,lengthcomps
1959,L_Ntrawl,0,lengthcomps
1960,L_Ntrawl,0,lengthcomps
1961,L_Ntrawl,0,lengthcomps
1962,L_Ntrawl,0,lengthcomps
1963,L_Ntrawl,0,lengthcomps
1964,L_Ntrawl,0,lengthcomps
1965,L_Ntrawl,0,lengthcomps
1966,L_Ntrawl,0,lengthcomps
1967,L_Ntrawl,0,lengthcomps
1968,L_Ntrawl,0,lengthcomps
1969,L_Ntrawl,0,lengthcomps
1970,L_Ntrawl,0,lengthcomps
1971,L_Ntrawl,0,lengthcomps
1972,L_Ntrawl,0,lengthcomps
1973,L_Ntrawl,0,lengthcomps
1974,L_Ntrawl,0,lengthcomps
1975,L_Ntrawl,0,lengthcomps
1976,L_Ntrawl,0,lengthcomps
1977,L_Ntrawl,0,lengthcomps
1978,L_Ntrawl,0,lengthcomps
1979,L_Ntrawl,1,lengthcomps
1980,L_Ntrawl,1,lengthcomps
1981,L_Ntrawl,1,lengthcomps
1982,L_Ntrawl,1,lengthcomps
1983,L_Ntrawl,0,lengthcomps
1984,L_Ntrawl,0,lengthcomps
1985,L_Ntrawl,0,lengthcomps
1986,L_Ntrawl,0,lengthcomps
1987,L_Ntrawl,0,lengthcomps
1988,L_Ntrawl,0,lengthcomps
1989,L_Ntrawl,0,lengthcomps
1990,L_Ntrawl,1,lengthcomps
1991,L_Ntrawl,1,lengthcomps
1992,L_Ntrawl,1,lengthcomps
1993,L_Ntrawl,1,lengthcomps
1994,L_Ntrawl,0,lengthcomps
1995,L_Ntrawl,0,lengthcomps
1996,L_Ntrawl,1,lengthcomps
1997,L_Ntrawl,1,lengthcomps
1998,L_Ntrawl,1,lengthcomps
1999,L_Ntrawl,1,lengthcomps
2000,L_Ntrawl,1,lengthcomps
2001,L_Ntrawl,1,lengthcomps
2002,L_Ntrawl,1,lengthcomps
2003,L_Ntrawl,1,lengthcomps
2004,L_Ntrawl,1,lengthcomps
2005,L_Ntrawl,1,lengthcomps
2006,L_Ntrawl,1,lengthcomps
2007,L_Ntrawl,1,lengthcomps
2008,L_Ntrawl,1,lengthcomps
2009,L_Ntrawl,1,lengthcomps
2010,L_Ntrawl,1,lengthcomps
2011,L_Ntrawl,1,lengthcomps
2012,L_Ntrawl,1,lengthcomps
2013,L_Ntrawl,1,lengthcomps
2014,L_Ntrawl,1,lengthcomps
2015,L_Ntrawl,1,lengthcomps
2016,L_Ntrawl,1,lengthcomps
2017,L_Ntrawl,1,lengthcomps
2018,L_Ntrawl,1,lengthcomps
2019,L_Ntrawl,1,lengthcomps
2020,L_Ntrawl,1,lengthcomps
2021,L_Ntrawl,1,lengthcomps
2022,L_Ntrawl,1,lengthcomps
2023,L_Ntrawl,1,lengthcomps
1901,L_Strawl,0,lengthcomps
1902,L_Strawl,0,lengthcomps
1903,L_Strawl,0,lengthcomps
1904,L_Strawl,0,lengthcomps
1905,L_Strawl,0,lengthcomps
1906,L_Strawl,0,lengthcomps
1907,L_Strawl,0,lengthcomps
1908,L_Strawl,0,lengthcomps
1909,L_Strawl,0,lengthcomps
1910,L_Strawl,0,lengthcomps
1911,L_Strawl,0,lengthcomps
1912,L_Strawl,0,lengthcomps
1913,L_Strawl,0,lengthcomps
1914,L_Strawl,0,lengthcomps
1915,L_Strawl,0,lengthcomps
1916,L_Strawl,0,lengthcomps
1917,L_Strawl,0,lengthcomps
1918,L_Strawl,0,lengthcomps
1919,L_Strawl,0,lengthcomps
1920,L_Strawl,0,lengthcomps
1921,L_Strawl,0,lengthcomps
1922,L_Strawl,0,lengthcomps
1923,L_Strawl,0,lengthcomps
1924,L_Strawl,0,lengthcomps
1925,L_Strawl,0,lengthcomps
1926,L_Strawl,0,lengthcomps
1927,L_Strawl,0,lengthcomps
1928,L_Strawl,0,lengthcomps
1929,L_Strawl,0,lengthcomps
1930,L_Strawl,0,lengthcomps
1931,L_Strawl,0,lengthcomps
1932,L_Strawl,0,lengthcomps
1933,L_Strawl,0,lengthcomps
1934,L_Strawl,0,lengthcomps
1935,L_Strawl,0,lengthcomps
1936,L_Strawl,0,lengthcomps
1937,L_Strawl,0,lengthcomps
1938,L_Strawl,0,lengthcomps
1939,L_Strawl,0,lengthcomps
1940,L_Strawl,0,lengthcomps
1941,L_Strawl,0,lengthcomps
1942,L_Strawl,0,lengthcomps
1943,L_Strawl,0,lengthcomps
1944,L_Strawl,0,lengthcomps
1945,L_Strawl,0,lengthcomps
1946,L_Strawl,0,lengthcomps
1947,L_Strawl,0,lengthcomps
1948,L_Strawl,0,lengthcomps
1949,L_Strawl,0,lengthcomps
1950,L_Strawl,0,lengthcomps
1951,L_Strawl,0,lengthcomps
1952,L_Strawl,0,lengthcomps
1953,L_Strawl,0,lengthcomps
1954,L_Strawl,0,lengthcomps
1955,L_Strawl,0,lengthcomps
1956,L_Strawl,0,lengthcomps
1957,L_Strawl,0,lengthcomps
1958,L_Strawl,0,lengthcomps
1959,L_Strawl,0,lengthcomps
1960,L_Strawl,0,lengthcomps
1961,L_Strawl,0,lengthcomps
1962,L_Strawl,0,lengthcomps
1963,L_Strawl,0,lengthcomps
1964,L_Strawl,0,lengthcomps
1965,L_Strawl,0,lengthcomps
1966,L_Strawl,0,lengthcomps
1967,L_Strawl,0,lengthcomps
1968,L_Strawl,0,lengthcomps
1969,L_Strawl,0,lengthcomps
1970,L_Strawl,0,lengthcomps
1971,L_Strawl,0,lengthcomps
1972,L_Strawl,0,lengthcomps
1973,L_Strawl,0,lengthcomps
1974,L_Strawl,0,lengthcomps
1975,L_Strawl,0,lengthcomps
1976,L_Strawl,0,lengthcomps
1977,L_Strawl,0,lengthcomps
1978,L_Strawl,1,lengthcomps
1979,L_Strawl,1,lengthcomps
1980,L_Strawl,1,lengthcomps
1981,L_Strawl,1,lengthcomps
1982,L_Strawl,1,lengthcomps
1983,L_Strawl,1,lengthcomps
1984,L_Strawl,1,lengthcomps
1985,L_Strawl,1,lengthcomps
1986,L_Strawl,1,lengthcomps
1987,L_Strawl,1,lengthcomps
1988,L_Strawl,1,lengthcomps
1989,L_Strawl,1,lengthcomps
1990,L_Strawl,1,lengthcomps
1991,L_Strawl,1,lengthcomps
1992,L_Strawl,1,lengthcomps
1993,L_Strawl,1,lengthcomps
1994,L_Strawl,1,lengthcomps
1995,L_Strawl,1,lengthcomps
1996,L_Strawl,1,lengthcomps
1997,L_Strawl,1,lengthcomps
1998,L_Strawl,1,lengthcomps
1999,L_Strawl,1,lengthcomps
2000,L_Strawl,1,lengthcomps
2001,L_Strawl,1,lengthcomps
2002,L_Strawl,1,lengthcomps
2003,L_Strawl,1,lengthcomps
2004,L_Strawl,1,lengthcomps
2005,L_Strawl,1,lengthcomps
2006,L_Strawl,1,lengthcomps
2007,L_Strawl,1,lengthcomps
2008,L_Strawl,1,lengthcomps
2009,L_Strawl,1,lengthcomps
2010,L_Strawl,1,lengthcomps
2011,L_Strawl,1,lengthcomps
2012,L_Strawl,1,lengthcomps
2013,L_Strawl,1,lengthcomps
2014,L_Strawl,1,lengthcomps
2015,L_Strawl,1,lengthcomps
2016,L_Strawl,1,lengthcomps
2017,L_Strawl,1,lengthcomps
2018,L_Strawl,1,lengthcomps
2019,L_Strawl,1,lengthcomps
2020,L_Strawl,1,lengthcomps
2021,L_Strawl,1,lengthcomps
2022,L_Strawl,1,lengthcomps
2023,L_Strawl,1,lengthcomps
1901,L_Nother,0,lengthcomps
1902,L_Nother,0,lengthcomps
1903,L_Nother,0,lengthcomps
1904,L_Nother,0,lengthcomps
1905,L_Nother,0,lengthcomps
1906,L_Nother,0,lengthcomps
1907,L_Nother,0,lengthcomps
1908,L_Nother,0,lengthcomps
1909,L_Nother,0,lengthcomps
1910,L_Nother,0,lengthcomps
1911,L_Nother,0,lengthcomps
1912,L_Nother,0,lengthcomps
1913,L_Nother,0,lengthcomps
1914,L_Nother,0,lengthcomps
1915,L_Nother,0,lengthcomps
1916,L_Nother,0,lengthcomps
1917,L_Nother,0,lengthcomps
1918,L_Nother,0,lengthcomps
1919,L_Nother,0,lengthcomps
1920,L_Nother,0,lengthcomps
1921,L_Nother,0,lengthcomps
1922,L_Nother,0,lengthcomps
1923,L_Nother,0,lengthcomps
1924,L_Nother,0,lengthcomps
1925,L_Nother,0,lengthcomps
1926,L_Nother,0,lengthcomps
1927,L_Nother,0,lengthcomps
1928,L_Nother,0,lengthcomps
1929,L_Nother,0,lengthcomps
1930,L_Nother,0,lengthcomps
1931,L_Nother,0,lengthcomps
1932,L_Nother,0,lengthcomps
1933,L_Nother,0,lengthcomps
1934,L_Nother,0,lengthcomps
1935,L_Nother,0,lengthcomps
1936,L_Nother,0,lengthcomps
1937,L_Nother,0,lengthcomps
1938,L_Nother,0,lengthcomps
1939,L_Nother,0,lengthcomps
1940,L_Nother,0,lengthcomps
1941,L_Nother,0,lengthcomps
1942,L_Nother,0,lengthcomps
1943,L_Nother,0,lengthcomps
1944,L_Nother,0,lengthcomps
1945,L_Nother,0,lengthcomps
1946,L_Nother,0,lengthcomps
1947,L_Nother,0,lengthcomps
1948,L_Nother,0,lengthcomps
1949,L_Nother,0,lengthcomps
1950,L_Nother,0,lengthcomps
1951,L_Nother,0,lengthcomps
1952,L_Nother,0,lengthcomps
1953,L_Nother,0,lengthcomps
1954,L_Nother,0,lengthcomps
1955,L_Nother,0,lengthcomps
1956,L_Nother,0,lengthcomps
1957,L_Nother,0,lengthcomps
1958,L_Nother,0,lengthcomps
1959,L_Nother,0,lengthcomps
1960,L_Nother,0,lengthcomps
1961,L_Nother,0,lengthcomps
1962,L_Nother,0,lengthcomps
1963,L_Nother,0,lengthcomps
1964,L_Nother,0,lengthcomps
1965,L_Nother,0,lengthcomps
1966,L_Nother,0,lengthcomps
1967,L_Nother,0,lengthcomps
1968,L_Nother,0,lengthcomps
1969,L_Nother,0,lengthcomps
1970,L_Nother,0,lengthcomps
1971,L_Nother,0,lengthcomps
1972,L_Nother,0,lengthcomps
1973,L_Nother,0,lengthcomps
1974,L_Nother,0,lengthcomps
1975,L_Nother,0,lengthcomps
1976,L_Nother,0,lengthcomps
1977,L_Nother,0,lengthcomps
1978,L_Nother,0,lengthcomps
1979,L_Nother,0,lengthcomps
1980,L_Nother,0,lengthcomps
1981,L_Nother,0,lengthcomps
1982,L_Nother,0,lengthcomps
1983,L_Nother,0,lengthcomps
1984,L_Nother,0,lengthcomps
1985,L_Nother,0,lengthcomps
1986,L_Nother,0,lengthcomps
1987,L_Nother,0,lengthcomps
1988,L_Nother,0,lengthcomps
1989,L_Nother,0,lengthcomps
1990,L_Nother,0,lengthcomps
1991,L_Nother,0,lengthcomps
1992,L_Nother,0,lengthcomps
1993,L_Nother,0,lengthcomps
1994,L_Nother,0,lengthcomps
1995,L_Nother,0,lengthcomps
1996,L_Nother,0,lengthcomps
1997,L_Nother,0,lengthcomps
1998,L_Nother,0,lengthcomps
1999,L_Nother,0,lengthcomps
2000,L_Nother,1,lengthcomps
2001,L_Nother,1,lengthcomps
2002,L_Nother,1,lengthcomps
2003,L_Nother,0,lengthcomps
2004,L_Nother,1,lengthcomps
2005,L_Nother,0,lengthcomps
2006,L_Nother,1,lengthcomps
2007,L_Nother,1,lengthcomps
2008,L_Nother,1,lengthcomps
2009,L_Nother,1,lengthcomps
2010,L_Nother,1,lengthcomps
2011,L_Nother,1,lengthcomps
2012,L_Nother,1,lengthcomps
2013,L_Nother,1,lengthcomps
2014,L_Nother,1,lengthcomps
2015,L_Nother,1,lengthcomps
2016,L_Nother,1,lengthcomps
2017,L_Nother,1,lengthcomps
2018,L_Nother,1,lengthcomps
2019,L_Nother,1,lengthcomps
2020,L_Nother,1,lengthcomps
2021,L_Nother,1,lengthcomps
2022,L_Nother,1,lengthcomps
2023,L_Nother,1,lengthcomps
1901,L_Sother,0,lengthcomps
1902,L_Sother,0,lengthcomps
1903,L_Sother,0,lengthcomps
1904,L_Sother,0,lengthcomps
1905,L_Sother,0,lengthcomps
1906,L_Sother,0,lengthcomps
1907,L_Sother,0,lengthcomps
1908,L_Sother,0,lengthcomps
1909,L_Sother,0,lengthcomps
1910,L_Sother,0,lengthcomps
1911,L_Sother,0,lengthcomps
1912,L_Sother,0,lengthcomps
1913,L_Sother,0,lengthcomps
1914,L_Sother,0,lengthcomps
1915,L_Sother,0,lengthcomps
1916,L_Sother,0,lengthcomps
1917,L_Sother,0,lengthcomps
1918,L_Sother,0,lengthcomps
1919,L_Sother,0,lengthcomps
1920,L_Sother,0,lengthcomps
1921,L_Sother,0,lengthcomps
1922,L_Sother,0,lengthcomps
1923,L_Sother,0,lengthcomps
1924,L_Sother,0,lengthcomps
1925,L_Sother,0,lengthcomps
1926,L_Sother,0,lengthcomps
1927,L_Sother,0,lengthcomps
1928,L_Sother,0,lengthcomps
1929,L_Sother,0,lengthcomps
1930,L_Sother,0,lengthcomps
1931,L_Sother,0,lengthcomps
1932,L_Sother,0,lengthcomps
1933,L_Sother,0,lengthcomps
1934,L_Sother,0,lengthcomps
1935,L_Sother,0,lengthcomps
1936,L_Sother,0,lengthcomps
1937,L_Sother,0,lengthcomps
1938,L_Sother,0,lengthcomps
1939,L_Sother,0,lengthcomps
1940,L_Sother,0,lengthcomps
1941,L_Sother,0,lengthcomps
1942,L_Sother,0,lengthcomps
1943,L_Sother,0,lengthcomps
1944,L_Sother,0,lengthcomps
1945,L_Sother,0,lengthcomps
1946,L_Sother,0,lengthcomps
1947,L_Sother,0,lengthcomps
1948,L_Sother,0,lengthcomps
1949,L_Sother,0,lengthcomps
1950,L_Sother,0,lengthcomps
1951,L_Sother,0,lengthcomps
1952,L_Sother,0,lengthcomps
1953,L_Sother,0,lengthcomps
1954,L_Sother,0,lengthcomps
1955,L_Sother,0,lengthcomps
1956,L_Sother,0,lengthcomps
1957,L_Sother,0,lengthcomps
1958,L_Sother,0,lengthcomps
1959,L_Sother,0,lengthcomps
1960,L_Sother,0,lengthcomps
1961,L_Sother,0,lengthcomps
1962,L_Sother,0,lengthcomps
1963,L_Sother,0,lengthcomps
1964,L_Sother,0,lengthcomps
1965,L_Sother,0,lengthcomps
1966,L_Sother,0,lengthcomps
1967,L_Sother,0,lengthcomps
1968,L_Sother,0,lengthcomps
1969,L_Sother,0,lengthcomps
1970,L_Sother,0,lengthcomps
1971,L_Sother,0,lengthcomps
1972,L_Sother,0,lengthcomps
1973,L_Sother,0,lengthcomps
1974,L_Sother,0,lengthcomps
1975,L_Sother,0,lengthcomps
1976,L_Sother,0,lengthcomps
1977,L_Sother,0,lengthcomps
1978,L_Sother,0,lengthcomps
1979,L_Sother,0,lengthcomps
1980,L_Sother,0,lengthcomps
1981,L_Sother,0,lengthcomps
1982,L_Sother,0,lengthcomps
1983,L_Sother,0,lengthcomps
1984,L_Sother,0,lengthcomps
1985,L_Sother,1,lengthcomps
1986,L_Sother,1,lengthcomps
1987,L_Sother,1,lengthcomps
1988,L_Sother,1,lengthcomps
1989,L_Sother,1,lengthcomps
1990,L_Sother,1,lengthcomps
1991,L_Sother,0,lengthcomps
1992,L_Sother,1,lengthcomps
1993,L_Sother,1,lengthcomps
1994,L_Sother,1,lengthcomps
1995,L_Sother,1,lengthcomps
1996,L_Sother,1,lengthcomps
1997,L_Sother,1,lengthcomps
1998,L_Sother,1,lengthcomps
1999,L_Sother,1,lengthcomps
2000,L_Sother,1,lengthcomps
2001,L_Sother,1,lengthcomps
2002,L_Sother,1,lengthcomps
2003,L_Sother,1,lengthcomps
2004,L_Sother,1,lengthcomps
2005,L_Sother,1,lengthcomps
2006,L_Sother,1,lengthcomps
2007,L_Sother,1,lengthcomps
2008,L_Sother,1,lengthcomps
2009,L_Sother,1,lengthcomps
2010,L_Sother,1,lengthcomps
2011,L_Sother,1,lengthcomps
2012,L_Sother,1,lengthcomps
2013,L_Sother,1,lengthcomps
2014,L_Sother,1,lengthcomps
2015,L_Sother,1,lengthcomps
2016,L_Sother,1,lengthcomps
2017,L_Sother,1,lengthcomps
2018,L_Sother,1,lengthcomps
2019,L_Sother,1,lengthcomps
2020,L_Sother,1,lengthcomps
2021,L_Sother,1,lengthcomps
2022,L_Sother,1,lengthcomps
2023,L_Sother,1,lengthcomps
1901,L_TriennialShelf1,0,lengthcomps
1902,L_TriennialShelf1,0,lengthcomps
1903,L_TriennialShelf1,0,lengthcomps
1904,L_TriennialShelf1,0,lengthcomps
1905,L_TriennialShelf1,0,lengthcomps
1906,L_TriennialShelf1,0,lengthcomps
1907,L_TriennialShelf1,0,lengthcomps
1908,L_TriennialShelf1,0,lengthcomps
1909,L_TriennialShelf1,0,lengthcomps
1910,L_TriennialShelf1,0,lengthcomps
1911,L_TriennialShelf1,0,lengthcomps
1912,L_TriennialShelf1,0,lengthcomps
1913,L_TriennialShelf1,0,lengthcomps
1914,L_TriennialShelf1,0,lengthcomps
1915,L_TriennialShelf1,0,lengthcomps
1916,L_TriennialShelf1,0,lengthcomps
1917,L_TriennialShelf1,0,lengthcomps
1918,L_TriennialShelf1,0,lengthcomps
1919,L_TriennialShelf1,0,lengthcomps
1920,L_TriennialShelf1,0,lengthcomps
1921,L_TriennialShelf1,0,lengthcomps
1922,L_TriennialShelf1,0,lengthcomps
1923,L_TriennialShelf1,0,lengthcomps
1924,L_TriennialShelf1,0,lengthcomps
1925,L_TriennialShelf1,0,lengthcomps
1926,L_TriennialShelf1,0,lengthcomps
1927,L_TriennialShelf1,0,lengthcomps
1928,L_TriennialShelf1,0,lengthcomps
1929,L_TriennialShelf1,0,lengthcomps
1930,L_TriennialShelf1,0,lengthcomps
1931,L_TriennialShelf1,0,lengthcomps
1932,L_TriennialShelf1,0,lengthcomps
1933,L_TriennialShelf1,0,lengthcomps
1934,L_TriennialShelf1,0,lengthcomps
1935,L_TriennialShelf1,0,lengthcomps
1936,L_TriennialShelf1,0,lengthcomps
1937,L_TriennialShelf1,0,lengthcomps
1938,L_TriennialShelf1,0,lengthcomps
1939,L_TriennialShelf1,0,lengthcomps
1940,L_TriennialShelf1,0,lengthcomps
1941,L_TriennialShelf1,0,lengthcomps
1942,L_TriennialShelf1,0,lengthcomps
1943,L_TriennialShelf1,0,lengthcomps
1944,L_TriennialShelf1,0,lengthcomps
1945,L_TriennialShelf1,0,lengthcomps
1946,L_TriennialShelf1,0,lengthcomps
1947,L_TriennialShelf1,0,lengthcomps
1948,L_TriennialShelf1,0,lengthcomps
1949,L_TriennialShelf1,0,lengthcomps
1950,L_TriennialShelf1,0,lengthcomps
1951,L_TriennialShelf1,0,lengthcomps
1952,L_TriennialShelf1,0,lengthcomps
1953,L_TriennialShelf1,0,lengthcomps
1954,L_TriennialShelf1,0,lengthcomps
1955,L_TriennialShelf1,0,lengthcomps
1956,L_TriennialShelf1,0,lengthcomps
1957,L_TriennialShelf1,0,lengthcomps
1958,L_TriennialShelf1,0,lengthcomps
1959,L_TriennialShelf1,0,lengthcomps
1960,L_TriennialShelf1,0,lengthcomps
1961,L_TriennialShelf1,0,lengthcomps
1962,L_TriennialShelf1,0,lengthcomps
1963,L_TriennialShelf1,0,lengthcomps
1964,L_TriennialShelf1,0,lengthcomps
1965,L_TriennialShelf1,0,lengthcomps
1966,L_TriennialShelf1,0,lengthcomps
1967,L_TriennialShelf1,0,lengthcomps
1968,L_TriennialShelf1,0,lengthcomps
1969,L_TriennialShelf1,0,lengthcomps
1970,L_TriennialShelf1,0,lengthcomps
1971,L_TriennialShelf1,0,lengthcomps
1972,L_TriennialShelf1,0,lengthcomps
1973,L_TriennialShelf1,0,lengthcomps
1974,L_TriennialShelf1,0,lengthcomps
1975,L_TriennialShelf1,0,lengthcomps
1976,L_TriennialShelf1,0,lengthcomps
1977,L_TriennialShelf1,0,lengthcomps
1978,L_TriennialShelf1,0,lengthcomps
1979,L_TriennialShelf1,0,lengthcomps
1980,L_TriennialShelf1,0,lengthcomps
1981,L_TriennialShelf1,0,lengthcomps
1982,L_TriennialShelf1,0,lengthcomps
1983,L_TriennialShelf1,0,lengthcomps
1984,L_TriennialShelf1,0,lengthcomps
1985,L_TriennialShelf1,0,lengthcomps
1986,L_TriennialShelf1,1,lengthcomps
1987,L_TriennialShelf1,0,lengthcomps
1988,L_TriennialShelf1,0,lengthcomps
1989,L_TriennialShelf1,1,lengthcomps
1990,L_TriennialShelf1,0,lengthcomps
1991,L_TriennialShelf1,0,lengthcomps
1992,L_TriennialShelf1,1,lengthcomps
1993,L_TriennialShelf1,0,lengthcomps
1994,L_TriennialShelf1,0,lengthcomps
1995,L_TriennialShelf1,1,lengthcomps
1996,L_TriennialShelf1,0,lengthcomps
1997,L_TriennialShelf1,0,lengthcomps
1998,L_TriennialShelf1,1,lengthcomps
1999,L_TriennialShelf1,0,lengthcomps
2000,L_TriennialShelf1,0,lengthcomps
2001,L_TriennialShelf1,1,lengthcomps
2002,L_TriennialShelf1,0,lengthcomps
2003,L_TriennialShelf1,0,lengthcomps
2004,L_TriennialShelf1,1,lengthcomps
2005,L_TriennialShelf1,0,lengthcomps
2006,L_TriennialShelf1,0,lengthcomps
2007,L_TriennialShelf1,0,lengthcomps
2008,L_TriennialShelf1,0,lengthcomps
2009,L_TriennialShelf1,0,lengthcomps
2010,L_TriennialShelf1,0,lengthcomps
2011,L_TriennialShelf1,0,lengthcomps
2012,L_TriennialShelf1,0,lengthcomps
2013,L_TriennialShelf1,0,lengthcomps
2014,L_TriennialShelf1,0,lengthcomps
2015,L_TriennialShelf1,0,lengthcomps
2016,L_TriennialShelf1,0,lengthcomps
2017,L_TriennialShelf1,0,lengthcomps
2018,L_TriennialShelf1,0,lengthcomps
2019,L_TriennialShelf1,0,lengthcomps
2020,L_TriennialShelf1,0,lengthcomps
2021,L_TriennialShelf1,0,lengthcomps
2022,L_TriennialShelf1,0,lengthcomps
2023,L_TriennialShelf1,0,lengthcomps
1901,L_TriennialShelf2,0,lengthcomps
1902,L_TriennialShelf2,0,lengthcomps
1903,L_TriennialShelf2,0,lengthcomps
1904,L_TriennialShelf2,0,lengthcomps
1905,L_TriennialShelf2,0,lengthcomps
1906,L_TriennialShelf2,0,lengthcomps
1907,L_TriennialShelf2,0,lengthcomps
1908,L_TriennialShelf2,0,lengthcomps
1909,L_TriennialShelf2,0,lengthcomps
1910,L_TriennialShelf2,0,lengthcomps
1911,L_TriennialShelf2,0,lengthcomps
1912,L_TriennialShelf2,0,lengthcomps
1913,L_TriennialShelf2,0,lengthcomps
1914,L_TriennialShelf2,0,lengthcomps
1915,L_TriennialShelf2,0,lengthcomps
1916,L_TriennialShelf2,0,lengthcomps
1917,L_TriennialShelf2,0,lengthcomps
1918,L_TriennialShelf2,0,lengthcomps
1919,L_TriennialShelf2,0,lengthcomps
1920,L_TriennialShelf2,0,lengthcomps
1921,L_TriennialShelf2,0,lengthcomps
1922,L_TriennialShelf2,0,lengthcomps
1923,L_TriennialShelf2,0,lengthcomps
1924,L_TriennialShelf2,0,lengthcomps
1925,L_TriennialShelf2,0,lengthcomps
1926,L_TriennialShelf2,0,lengthcomps
1927,L_TriennialShelf2,0,lengthcomps
1928,L_TriennialShelf2,0,lengthcomps
1929,L_TriennialShelf2,0,lengthcomps
1930,L_TriennialShelf2,0,lengthcomps
1931,L_TriennialShelf2,0,lengthcomps
1932,L_TriennialShelf2,0,lengthcomps
1933,L_TriennialShelf2,0,lengthcomps
1934,L_TriennialShelf2,0,lengthcomps
1935,L_TriennialShelf2,0,lengthcomps
1936,L_TriennialShelf2,0,lengthcomps
1937,L_TriennialShelf2,0,lengthcomps
1938,L_TriennialShelf2,0,lengthcomps
1939,L_TriennialShelf2,0,lengthcomps
1940,L_TriennialShelf2,0,lengthcomps
1941,L_TriennialShelf2,0,lengthcomps
1942,L_TriennialShelf2,0,lengthcomps
1943,L_TriennialShelf2,0,lengthcomps
1944,L_TriennialShelf2,0,lengthcomps
1945,L_TriennialShelf2,0,lengthcomps
1946,L_TriennialShelf2,0,lengthcomps
1947,L_TriennialShelf2,0,lengthcomps
1948,L_TriennialShelf2,0,lengthcomps
1949,L_TriennialShelf2,0,lengthcomps
1950,L_TriennialShelf2,0,lengthcomps
1951,L_TriennialShelf2,0,lengthcomps
1952,L_TriennialShelf2,0,lengthcomps
1953,L_TriennialShelf2,0,lengthcomps
1954,L_TriennialShelf2,0,lengthcomps
1955,L_TriennialShelf2,0,lengthcomps
1956,L_TriennialShelf2,0,lengthcomps
1957,L_TriennialShelf2,0,lengthcomps
1958,L_TriennialShelf2,0,lengthcomps
1959,L_TriennialShelf2,0,lengthcomps
1960,L_TriennialShelf2,0,lengthcomps
1961,L_TriennialShelf2,0,lengthcomps
1962,L_TriennialShelf2,0,lengthcomps
1963,L_TriennialShelf2,0,lengthcomps
1964,L_TriennialShelf2,0,lengthcomps
1965,L_TriennialShelf2,0,lengthcomps
1966,L_TriennialShelf2,0,lengthcomps
1967,L_TriennialShelf2,0,lengthcomps
1968,L_TriennialShelf2,0,lengthcomps
1969,L_TriennialShelf2,0,lengthcomps
1970,L_TriennialShelf2,0,lengthcomps
1971,L_TriennialShelf2,0,lengthcomps
1972,L_TriennialShelf2,0,lengthcomps
1973,L_TriennialShelf2,0,lengthcomps
1974,L_TriennialShelf2,0,lengthcomps
1975,L_TriennialShelf2,0,lengthcomps
1976,L_TriennialShelf2,0,lengthcomps
1977,L_TriennialShelf2,0,lengthcomps
1978,L_TriennialShelf2,0,lengthcomps
1979,L_TriennialShelf2,0,lengthcomps
1980,L_TriennialShelf2,0,lengthcomps
1981,L_TriennialShelf2,0,lengthcomps
1982,L_TriennialShelf2,0,lengthcomps
1983,L_TriennialShelf2,0,lengthcomps
1984,L_TriennialShelf2,0,lengthcomps
1985,L_TriennialShelf2,0,lengthcomps
1986,L_TriennialShelf2,0,lengthcomps
1987,L_TriennialShelf2,0,lengthcomps
1988,L_TriennialShelf2,0,lengthcomps
1989,L_TriennialShelf2,0,lengthcomps
1990,L_TriennialShelf2,0,lengthcomps
1991,L_TriennialShelf2,0,lengthcomps
1992,L_TriennialShelf2,0,lengthcomps
1993,L_TriennialShelf2,0,lengthcomps
1994,L_TriennialShelf2,0,lengthcomps
1995,L_TriennialShelf2,1,lengthcomps
1996,L_TriennialShelf2,0,lengthcomps
1997,L_TriennialShelf2,0,lengthcomps
1998,L_TriennialShelf2,1,lengthcomps
1999,L_TriennialShelf2,0,lengthcomps
2000,L_TriennialShelf2,0,lengthcomps
2001,L_TriennialShelf2,1,lengthcomps
2002,L_TriennialShelf2,0,lengthcomps
2003,L_TriennialShelf2,0,lengthcomps
2004,L_TriennialShelf2,1,lengthcomps
2005,L_TriennialShelf2,0,lengthcomps
2006,L_TriennialShelf2,0,lengthcomps
2007,L_TriennialShelf2,0,lengthcomps
2008,L_TriennialShelf2,0,lengthcomps
2009,L_TriennialShelf2,0,lengthcomps
2010,L_TriennialShelf2,0,lengthcomps
2011,L_TriennialShelf2,0,lengthcomps
2012,L_TriennialShelf2,0,lengthcomps
2013,L_TriennialShelf2,0,lengthcomps
2014,L_TriennialShelf2,0,lengthcomps
2015,L_TriennialShelf2,0,lengthcomps
2016,L_TriennialShelf2,0,lengthcomps
2017,L_TriennialShelf2,0,lengthcomps
2018,L_TriennialShelf2,0,lengthcomps
2019,L_TriennialShelf2,0,lengthcomps
2020,L_TriennialShelf2,0,lengthcomps
2021,L_TriennialShelf2,0,lengthcomps
2022,L_TriennialShelf2,0,lengthcomps
2023,L_TriennialShelf2,0,lengthcomps
1901,L_AFSCSlope,0,lengthcomps
1902,L_AFSCSlope,0,lengthcomps
1903,L_AFSCSlope,0,lengthcomps
1904,L_AFSCSlope,0,lengthcomps
1905,L_AFSCSlope,0,lengthcomps
1906,L_AFSCSlope,0,lengthcomps
1907,L_AFSCSlope,0,lengthcomps
1908,L_AFSCSlope,0,lengthcomps
1909,L_AFSCSlope,0,lengthcomps
1910,L_AFSCSlope,0,lengthcomps
1911,L_AFSCSlope,0,lengthcomps
1912,L_AFSCSlope,0,lengthcomps
1913,L_AFSCSlope,0,lengthcomps
1914,L_AFSCSlope,0,lengthcomps
1915,L_AFSCSlope,0,lengthcomps
1916,L_AFSCSlope,0,lengthcomps
1917,L_AFSCSlope,0,lengthcomps
1918,L_AFSCSlope,0,lengthcomps
1919,L_AFSCSlope,0,lengthcomps
1920,L_AFSCSlope,0,lengthcomps
1921,L_AFSCSlope,0,lengthcomps
1922,L_AFSCSlope,0,lengthcomps
1923,L_AFSCSlope,0,lengthcomps
1924,L_AFSCSlope,0,lengthcomps
1925,L_AFSCSlope,0,lengthcomps
1926,L_AFSCSlope,0,lengthcomps
1927,L_AFSCSlope,0,lengthcomps
1928,L_AFSCSlope,0,lengthcomps
1929,L_AFSCSlope,0,lengthcomps
1930,L_AFSCSlope,0,lengthcomps
1931,L_AFSCSlope,0,lengthcomps
1932,L_AFSCSlope,0,lengthcomps
1933,L_AFSCSlope,0,lengthcomps
1934,L_AFSCSlope,0,lengthcomps
1935,L_AFSCSlope,0,lengthcomps
1936,L_AFSCSlope,0,lengthcomps
1937,L_AFSCSlope,0,lengthcomps
1938,L_AFSCSlope,0,lengthcomps
1939,L_AFSCSlope,0,lengthcomps
1940,L_AFSCSlope,0,lengthcomps
1941,L_AFSCSlope,0,lengthcomps
1942,L_AFSCSlope,0,lengthcomps
1943,L_AFSCSlope,0,lengthcomps
1944,L_AFSCSlope,0,lengthcomps
1945,L_AFSCSlope,0,lengthcomps
1946,L_AFSCSlope,0,lengthcomps
1947,L_AFSCSlope,0,lengthcomps
1948,L_AFSCSlope,0,lengthcomps
1949,L_AFSCSlope,0,lengthcomps
1950,L_AFSCSlope,0,lengthcomps
1951,L_AFSCSlope,0,lengthcomps
1952,L_AFSCSlope,0,lengthcomps
1953,L_AFSCSlope,0,lengthcomps
1954,L_AFSCSlope,0,lengthcomps
1955,L_AFSCSlope,0,lengthcomps
1956,L_AFSCSlope,0,lengthcomps
1957,L_AFSCSlope,0,lengthcomps
1958,L_AFSCSlope,0,lengthcomps
1959,L_AFSCSlope,0,lengthcomps
1960,L_AFSCSlope,0,lengthcomps
1961,L_AFSCSlope,0,lengthcomps
1962,L_AFSCSlope,0,lengthcomps
1963,L_AFSCSlope,0,lengthcomps
1964,L_AFSCSlope,0,lengthcomps
1965,L_AFSCSlope,0,lengthcomps
1966,L_AFSCSlope,0,lengthcomps
1967,L_AFSCSlope,0,lengthcomps
1968,L_AFSCSlope,0,lengthcomps
1969,L_AFSCSlope,0,lengthcomps
1970,L_AFSCSlope,0,lengthcomps
1971,L_AFSCSlope,0,lengthcomps
1972,L_AFSCSlope,0,lengthcomps
1973,L_AFSCSlope,0,lengthcomps
1974,L_AFSCSlope,0,lengthcomps
1975,L_AFSCSlope,0,lengthcomps
1976,L_AFSCSlope,0,lengthcomps
1977,L_AFSCSlope,0,lengthcomps
1978,L_AFSCSlope,0,lengthcomps
1979,L_AFSCSlope,0,lengthcomps
1980,L_AFSCSlope,0,lengthcomps
1981,L_AFSCSlope,0,lengthcomps
1982,L_AFSCSlope,0,lengthcomps
1983,L_AFSCSlope,0,lengthcomps
1984,L_AFSCSlope,0,lengthcomps
1985,L_AFSCSlope,0,lengthcomps
1986,L_AFSCSlope,0,lengthcomps
1987,L_AFSCSlope,0,lengthcomps
1988,L_AFSCSlope,0,lengthcomps
1989,L_AFSCSlope,0,lengthcomps
1990,L_AFSCSlope,0,lengthcomps
1991,L_AFSCSlope,0,lengthcomps
1992,L_AFSCSlope,0,lengthcomps
1993,L_AFSCSlope,0,lengthcomps
1994,L_AFSCSlope,0,lengthcomps
1995,L_AFSCSlope,0,lengthcomps
1996,L_AFSCSlope,0,lengthcomps
1997,L_AFSCSlope,1,lengthcomps
1998,L_AFSCSlope,0,lengthcomps
1999,L_AFSCSlope,1,lengthcomps
2000,L_AFSCSlope,1,lengthcomps
2001,L_AFSCSlope,1,lengthcomps
2002,L_AFSCSlope,0,lengthcomps
2003,L_AFSCSlope,0,lengthcomps
2004,L_AFSCSlope,0,lengthcomps
2005,L_AFSCSlope,0,lengthcomps
2006,L_AFSCSlope,0,lengthcomps
2007,L_AFSCSlope,0,lengthcomps
2008,L_AFSCSlope,0,lengthcomps
2009,L_AFSCSlope,0,lengthcomps
2010,L_AFSCSlope,0,lengthcomps
2011,L_AFSCSlope,0,lengthcomps
2012,L_AFSCSlope,0,lengthcomps
2013,L_AFSCSlope,0,lengthcomps
2014,L_AFSCSlope,0,lengthcomps
2015,L_AFSCSlope,0,lengthcomps
2016,L_AFSCSlope,0,lengthcomps
2017,L_AFSCSlope,0,lengthcomps
2018,L_AFSCSlope,0,lengthcomps
2019,L_AFSCSlope,0,lengthcomps
2020,L_AFSCSlope,0,lengthcomps
2021,L_AFSCSlope,0,lengthcomps
2022,L_AFSCSlope,0,lengthcomps
2023,L_AFSCSlope,0,lengthcomps
1901,L_NWFSCSlope,0,lengthcomps
1902,L_NWFSCSlope,0,lengthcomps
1903,L_NWFSCSlope,0,lengthcomps
1904,L_NWFSCSlope,0,lengthcomps
1905,L_NWFSCSlope,0,lengthcomps
1906,L_NWFSCSlope,0,lengthcomps
1907,L_NWFSCSlope,0,lengthcomps
1908,L_NWFSCSlope,0,lengthcomps
1909,L_NWFSCSlope,0,lengthcomps
1910,L_NWFSCSlope,0,lengthcomps
1911,L_NWFSCSlope,0,lengthcomps
1912,L_NWFSCSlope,0,lengthcomps
1913,L_NWFSCSlope,0,lengthcomps
1914,L_NWFSCSlope,0,lengthcomps
1915,L_NWFSCSlope,0,lengthcomps
1916,L_NWFSCSlope,0,lengthcomps
1917,L_NWFSCSlope,0,lengthcomps
1918,L_NWFSCSlope,0,lengthcomps
1919,L_NWFSCSlope,0,lengthcomps
1920,L_NWFSCSlope,0,lengthcomps
1921,L_NWFSCSlope,0,lengthcomps
1922,L_NWFSCSlope,0,lengthcomps
1923,L_NWFSCSlope,0,lengthcomps
1924,L_NWFSCSlope,0,lengthcomps
1925,L_NWFSCSlope,0,lengthcomps
1926,L_NWFSCSlope,0,lengthcomps
1927,L_NWFSCSlope,0,lengthcomps
1928,L_NWFSCSlope,0,lengthcomps
1929,L_NWFSCSlope,0,lengthcomps
1930,L_NWFSCSlope,0,lengthcomps
1931,L_NWFSCSlope,0,lengthcomps
1932,L_NWFSCSlope,0,lengthcomps
1933,L_NWFSCSlope,0,lengthcomps
1934,L_NWFSCSlope,0,lengthcomps
1935,L_NWFSCSlope,0,lengthcomps
1936,L_NWFSCSlope,0,lengthcomps
1937,L_NWFSCSlope,0,lengthcomps
1938,L_NWFSCSlope,0,lengthcomps
1939,L_NWFSCSlope,0,lengthcomps
1940,L_NWFSCSlope,0,lengthcomps
1941,L_NWFSCSlope,0,lengthcomps
1942,L_NWFSCSlope,0,lengthcomps
1943,L_NWFSCSlope,0,lengthcomps
1944,L_NWFSCSlope,0,lengthcomps
1945,L_NWFSCSlope,0,lengthcomps
1946,L_NWFSCSlope,0,lengthcomps
1947,L_NWFSCSlope,0,lengthcomps
1948,L_NWFSCSlope,0,lengthcomps
1949,L_NWFSCSlope,0,lengthcomps
1950,L_NWFSCSlope,0,lengthcomps
1951,L_NWFSCSlope,0,lengthcomps
1952,L_NWFSCSlope,0,lengthcomps
1953,L_NWFSCSlope,0,lengthcomps
1954,L_NWFSCSlope,0,lengthcomps
1955,L_NWFSCSlope,0,lengthcomps
1956,L_NWFSCSlope,0,lengthcomps
1957,L_NWFSCSlope,0,lengthcomps
1958,L_NWFSCSlope,0,lengthcomps
1959,L_NWFSCSlope,0,lengthcomps
1960,L_NWFSCSlope,0,lengthcomps
1961,L_NWFSCSlope,0,lengthcomps
1962,L_NWFSCSlope,0,lengthcomps
1963,L_NWFSCSlope,0,lengthcomps
1964,L_NWFSCSlope,0,lengthcomps
1965,L_NWFSCSlope,0,lengthcomps
1966,L_NWFSCSlope,0,lengthcomps
1967,L_NWFSCSlope,0,lengthcomps
1968,L_NWFSCSlope,0,lengthcomps
1969,L_NWFSCSlope,0,lengthcomps
1970,L_NWFSCSlope,0,lengthcomps
1971,L_NWFSCSlope,0,lengthcomps
1972,L_NWFSCSlope,0,lengthcomps
1973,L_NWFSCSlope,0,lengthcomps
1974,L_NWFSCSlope,0,lengthcomps
1975,L_NWFSCSlope,0,lengthcomps
1976,L_NWFSCSlope,0,lengthcomps
1977,L_NWFSCSlope,0,lengthcomps
1978,L_NWFSCSlope,0,lengthcomps
1979,L_NWFSCSlope,0,lengthcomps
1980,L_NWFSCSlope,0,lengthcomps
1981,L_NWFSCSlope,0,lengthcomps
1982,L_NWFSCSlope,0,lengthcomps
1983,L_NWFSCSlope,0,lengthcomps
1984,L_NWFSCSlope,0,lengthcomps
1985,L_NWFSCSlope,0,lengthcomps
1986,L_NWFSCSlope,0,lengthcomps
1987,L_NWFSCSlope,0,lengthcomps
1988,L_NWFSCSlope,0,lengthcomps
1989,L_NWFSCSlope,0,lengthcomps
1990,L_NWFSCSlope,0,lengthcomps
1991,L_NWFSCSlope,0,lengthcomps
1992,L_NWFSCSlope,0,lengthcomps
1993,L_NWFSCSlope,0,lengthcomps
1994,L_NWFSCSlope,0,lengthcomps
1995,L_NWFSCSlope,0,lengthcomps
1996,L_NWFSCSlope,0,lengthcomps
1997,L_NWFSCSlope,0,lengthcomps
1998,L_NWFSCSlope,1,lengthcomps
1999,L_NWFSCSlope,1,lengthcomps
2000,L_NWFSCSlope,1,lengthcomps
2001,L_NWFSCSlope,1,lengthcomps
2002,L_NWFSCSlope,1,lengthcomps
2003,L_NWFSCSlope,1,lengthcomps
2004,L_NWFSCSlope,1,lengthcomps
2005,L_NWFSCSlope,1,lengthcomps
2006,L_NWFSCSlope,1,lengthcomps
2007,L_NWFSCSlope,1,lengthcomps
2008,L_NWFSCSlope,1,lengthcomps
2009,L_NWFSCSlope,1,lengthcomps
2010,L_NWFSCSlope,1,lengthcomps
2011,L_NWFSCSlope,1,lengthcomps
2012,L_NWFSCSlope,1,lengthcomps
2013,L_NWFSCSlope,1,lengthcomps
2014,L_NWFSCSlope,1,lengthcomps
2015,L_NWFSCSlope,1,lengthcomps
2016,L_NWFSCSlope,1,lengthcomps
2017,L_NWFSCSlope,1,lengthcomps
2018,L_NWFSCSlope,1,lengthcomps
2019,L_NWFSCSlope,1,lengthcomps
2020,L_NWFSCSlope,0,lengthcomps
2021,L_NWFSCSlope,1,lengthcomps
2022,L_NWFSCSlope,1,lengthcomps
2023,L_NWFSCSlope,1,lengthcomps
1901,L_Combo,0,lengthcomps
1902,L_Combo,0,lengthcomps
1903,L_Combo,0,lengthcomps
1904,L_Combo,0,lengthcomps
1905,L_Combo,0,lengthcomps
1906,L_Combo,0,lengthcomps
1907,L_Combo,0,lengthcomps
1908,L_Combo,0,lengthcomps
1909,L_Combo,0,lengthcomps
1910,L_Combo,0,lengthcomps
1911,L_Combo,0,lengthcomps
1912,L_Combo,0,lengthcomps
1913,L_Combo,0,lengthcomps
1914,L_Combo,0,lengthcomps
1915,L_Combo,0,lengthcomps
1916,L_Combo,0,lengthcomps
1917,L_Combo,0,lengthcomps
1918,L_Combo,0,lengthcomps
1919,L_Combo,0,lengthcomps
1920,L_Combo,0,lengthcomps
1921,L_Combo,0,lengthcomps
1922,L_Combo,0,lengthcomps
1923,L_Combo,0,lengthcomps
1924,L_Combo,0,lengthcomps
1925,L_Combo,0,lengthcomps
1926,L_Combo,0,lengthcomps
1927,L_Combo,0,lengthcomps
1928,L_Combo,0,lengthcomps
1929,L_Combo,0,lengthcomps
1930,L_Combo,0,lengthcomps
1931,L_Combo,0,lengthcomps
1932,L_Combo,0,lengthcomps
1933,L_Combo,0,lengthcomps
1934,L_Combo,0,lengthcomps
1935,L_Combo,0,lengthcomps
1936,L_Combo,0,lengthcomps
1937,L_Combo,0,lengthcomps
1938,L_Combo,0,lengthcomps
1939,L_Combo,0,lengthcomps
1940,L_Combo,0,lengthcomps
1941,L_Combo,0,lengthcomps
1942,L_Combo,0,lengthcomps
1943,L_Combo,0,lengthcomps
1944,L_Combo,0,lengthcomps
1945,L_Combo,0,lengthcomps
1946,L_Combo,0,lengthcomps
1947,L_Combo,0,lengthcomps
1948,L_Combo,0,lengthcomps
1949,L_Combo,0,lengthcomps
1950,L_Combo,0,lengthcomps
1951,L_Combo,0,lengthcomps
1952,L_Combo,0,lengthcomps
1953,L_Combo,0,lengthcomps
1954,L_Combo,0,lengthcomps
1955,L_Combo,0,lengthcomps
1956,L_Combo,0,lengthcomps
1957,L_Combo,0,lengthcomps
1958,L_Combo,0,lengthcomps
1959,L_Combo,0,lengthcomps
1960,L_Combo,0,lengthcomps
1961,L_Combo,0,lengthcomps
1962,L_Combo,0,lengthcomps
1963,L_Combo,0,lengthcomps
1964,L_Combo,0,lengthcomps
1965,L_Combo,0,lengthcomps
1966,L_Combo,0,lengthcomps
1967,L_Combo,0,lengthcomps
1968,L_Combo,0,lengthcomps
1969,L_Combo,0,lengthcomps
1970,L_Combo,0,lengthcomps
1971,L_Combo,0,lengthcomps
1972,L_Combo,0,lengthcomps
1973,L_Combo,0,lengthcomps
1974,L_Combo,0,lengthcomps
1975,L_Combo,0,lengthcomps
1976,L_Combo,0,lengthcomps
1977,L_Combo,0,lengthcomps
1978,L_Combo,0,lengthcomps
1979,L_Combo,0,lengthcomps
1980,L_Combo,0,lengthcomps
1981,L_Combo,0,lengthcomps
1982,L_Combo,0,lengthcomps
1983,L_Combo,0,lengthcomps
1984,L_Combo,0,lengthcomps
1985,L_Combo,0,lengthcomps
1986,L_Combo,0,lengthcomps
1987,L_Combo,0,lengthcomps
1988,L_Combo,0,lengthcomps
1989,L_Combo,0,lengthcomps
1990,L_Combo,0,lengthcomps
1991,L_Combo,0,lengthcomps
1992,L_Combo,0,lengthcomps
1993,L_Combo,0,lengthcomps
1994,L_Combo,0,lengthcomps
1995,L_Combo,0,lengthcomps
1996,L_Combo,0,lengthcomps
1997,L_Combo,0,lengthcomps
1998,L_Combo,0,lengthcomps
1999,L_Combo,0,lengthcomps
2000,L_Combo,0,lengthcomps
2001,L_Combo,0,lengthcomps
2002,L_Combo,0,lengthcomps
2003,L_Combo,0,lengthcomps
2004,L_Combo,0,lengthcomps
2005,L_Combo,0,lengthcomps
2006,L_Combo,0,lengthcomps
2007,L_Combo,0,lengthcomps
2008,L_Combo,0,lengthcomps
2009,L_Combo,0,lengthcomps
2010,L_Combo,0,lengthcomps
2011,L_Combo,0,lengthcomps
2012,L_Combo,0,lengthcomps
2013,L_Combo,0,lengthcomps
2014,L_Combo,0,lengthcomps
2015,L_Combo,0,lengthcomps
2016,L_Combo,0,lengthcomps
2017,L_Combo,0,lengthcomps
2018,L_Combo,0,lengthcomps
2019,L_Combo,0,lengthcomps
2020,L_Combo,0,lengthcomps
2021,L_Combo,0,lengthcomps
2022,L_Combo,0,lengthcomps
2023,L_Combo,0,lengthcomps
1901,W_Ntrawl,0,weights
1902,W_Ntrawl,0,weights
1903,W_Ntrawl,0,weights
1904,W_Ntrawl,0,weights
1905,W_Ntrawl,0,weights
1906,W_Ntrawl,0,weights
1907,W_Ntrawl,0,weights
1908,W_Ntrawl,0,weights
1909,W_Ntrawl,0,weights
1910,W_Ntrawl,0,weights
1911,W_Ntrawl,0,weights
1912,W_Ntrawl,0,weights
1913,W_Ntrawl,0,weights
1914,W_Ntrawl,0,weights
1915,W_Ntrawl,0,weights
1916,W_Ntrawl,0,weights
1917,W_Ntrawl,0,weights
1918,W_Ntrawl,0,weights
1919,W_Ntrawl,0,weights
1920,W_Ntrawl,0,weights
1921,W_Ntrawl,0,weights
1922,W_Ntrawl,0,weights
1923,W_Ntrawl,0,weights
1924,W_Ntrawl,0,weights
1925,W_Ntrawl,0,weights
1926,W_Ntrawl,0,weights
1927,W_Ntrawl,0,weights
1928,W_Ntrawl,0,weights
1929,W_Ntrawl,0,weights
1930,W_Ntrawl,0,weights
1931,W_Ntrawl,0,weights
1932,W_Ntrawl,0,weights
1933,W_Ntrawl,0,weights
1934,W_Ntrawl,0,weights
1935,W_Ntrawl,0,weights
1936,W_Ntrawl,0,weights
1937,W_Ntrawl,0,weights
1938,W_Ntrawl,0,weights
1939,W_Ntrawl,0,weights
1940,W_Ntrawl,0,weights
1941,W_Ntrawl,0,weights
1942,W_Ntrawl,0,weights
1943,W_Ntrawl,0,weights
1944,W_Ntrawl,0,weights
1945,W_Ntrawl,0,weights
1946,W_Ntrawl,0,weights
1947,W_Ntrawl,0,weights
1948,W_Ntrawl,0,weights
1949,W_Ntrawl,0,weights
1950,W_Ntrawl,0,weights
1951,W_Ntrawl,0,weights
1952,W_Ntrawl,0,weights
1953,W_Ntrawl,0,weights
1954,W_Ntrawl,0,weights
1955,W_Ntrawl,0,weights
1956,W_Ntrawl,0,weights
1957,W_Ntrawl,0,weights
1958,W_Ntrawl,0,weights
1959,W_Ntrawl,0,weights
1960,W_Ntrawl,0,weights
1961,W_Ntrawl,0,weights
1962,W_Ntrawl,0,weights
1963,W_Ntrawl,0,weights
1964,W_Ntrawl,0,weights
1965,W_Ntrawl,0,weights
1966,W_Ntrawl,0,weights
1967,W_Ntrawl,0,weights
1968,W_Ntrawl,0,weights
1969,W_Ntrawl,0,weights
1970,W_Ntrawl,0,weights
1971,W_Ntrawl,0,weights
1972,W_Ntrawl,0,weights
1973,W_Ntrawl,0,weights
1974,W_Ntrawl,0,weights
1975,W_Ntrawl,0,weights
1976,W_Ntrawl,0,weights
1977,W_Ntrawl,0,weights
1978,W_Ntrawl,0,weights
1979,W_Ntrawl,0,weights
1980,W_Ntrawl,0,weights
1981,W_Ntrawl,0,weights
1982,W_Ntrawl,0,weights
1983,W_Ntrawl,0,weights
1984,W_Ntrawl,0,weights
1985,W_Ntrawl,0,weights
1986,W_Ntrawl,0,weights
1987,W_Ntrawl,0,weights
1988,W_Ntrawl,0,weights
1989,W_Ntrawl,0,weights
1990,W_Ntrawl,0,weights
1991,W_Ntrawl,0,weights
1992,W_Ntrawl,0,weights
1993,W_Ntrawl,0,weights
1994,W_Ntrawl,0,weights
1995,W_Ntrawl,0,weights
1996,W_Ntrawl,0,weights
1997,W_Ntrawl,0,weights
1998,W_Ntrawl,0,weights
1999,W_Ntrawl,0,weights
2000,W_Ntrawl,0,weights
2001,W_Ntrawl,0,weights
2002,W_Ntrawl,1,weights
2003,W_Ntrawl,1,weights
2004,W_Ntrawl,1,weights
2005,W_Ntrawl,1,weights
2006,W_Ntrawl,1,weights
2007,W_Ntrawl,1,weights
2008,W_Ntrawl,1,weights
2009,W_Ntrawl,1,weights
2010,W_Ntrawl,1,weights
2011,W_Ntrawl,1,weights
2012,W_Ntrawl,1,weights
2013,W_Ntrawl,1,weights
2014,W_Ntrawl,1,weights
2015,W_Ntrawl,1,weights
2016,W_Ntrawl,1,weights
2017,W_Ntrawl,1,weights
2018,W_Ntrawl,1,weights
2019,W_Ntrawl,1,weights
2020,W_Ntrawl,1,weights
2021,W_Ntrawl,1,weights
2022,W_Ntrawl,1,weights
2023,W_Ntrawl,1,weights
1901,W_Strawl,0,weights
1902,W_Strawl,0,weights
1903,W_Strawl,0,weights
1904,W_Strawl,0,weights
1905,W_Strawl,0,weights
1906,W_Strawl,0,weights
1907,W_Strawl,0,weights
1908,W_Strawl,0,weights
1909,W_Strawl,0,weights
1910,W_Strawl,0,weights
1911,W_Strawl,0,weights
1912,W_Strawl,0,weights
1913,W_Strawl,0,weights
1914,W_Strawl,0,weights
1915,W_Strawl,0,weights
1916,W_Strawl,0,weights
1917,W_Strawl,0,weights
1918,W_Strawl,0,weights
1919,W_Strawl,0,weights
1920,W_Strawl,0,weights
1921,W_Strawl,0,weights
1922,W_Strawl,0,weights
1923,W_Strawl,0,weights
1924,W_Strawl,0,weights
1925,W_Strawl,0,weights
1926,W_Strawl,0,weights
1927,W_Strawl,0,weights
1928,W_Strawl,0,weights
1929,W_Strawl,0,weights
1930,W_Strawl,0,weights
1931,W_Strawl,0,weights
1932,W_Strawl,0,weights
1933,W_Strawl,0,weights
1934,W_Strawl,0,weights
1935,W_Strawl,0,weights
1936,W_Strawl,0,weights
1937,W_Strawl,0,weights
1938,W_Strawl,0,weights
1939,W_Strawl,0,weights
1940,W_Strawl,0,weights
1941,W_Strawl,0,weights
1942,W_Strawl,0,weights
1943,W_Strawl,0,weights
1944,W_Strawl,0,weights
1945,W_Strawl,0,weights
1946,W_Strawl,0,weights
1947,W_Strawl,0,weights
1948,W_Strawl,0,weights
1949,W_Strawl,0,weights
1950,W_Strawl,0,weights
1951,W_Strawl,0,weights
1952,W_Strawl,0,weights
1953,W_Strawl,0,weights
1954,W_Strawl,0,weights
1955,W_Strawl,0,weights
1956,W_Strawl,0,weights
1957,W_Strawl,0,weights
1958,W_Strawl,0,weights
1959,W_Strawl,0,weights
1960,W_Strawl,0,weights
1961,W_Strawl,0,weights
1962,W_Strawl,0,weights
1963,W_Strawl,0,weights
1964,W_Strawl,0,weights
1965,W_Strawl,0,weights
1966,W_Strawl,0,weights
1967,W_Strawl,0,weights
1968,W_Strawl,0,weights
1969,W_Strawl,0,weights
1970,W_Strawl,0,weights
1971,W_Strawl,0,weights
1972,W_Strawl,0,weights
1973,W_Strawl,0,weights
1974,W_Strawl,0,weights
1975,W_Strawl,0,weights
1976,W_Strawl,0,weights
1977,W_Strawl,0,weights
1978,W_Strawl,0,weights
1979,W_Strawl,0,weights
1980,W_Strawl,0,weights
1981,W_Strawl,0,weights
1982,W_Strawl,0,weights
1983,W_Strawl,0,weights
1984,W_Strawl,0,weights
1985,W_Strawl,0,weights
1986,W_Strawl,0,weights
1987,W_Strawl,0,weights
1988,W_Strawl,0,weights
1989,W_Strawl,0,weights
1990,W_Strawl,0,weights
1991,W_Strawl,0,weights
1992,W_Strawl,0,weights
1993,W_Strawl,0,weights
1994,W_Strawl,0,weights
1995,W_Strawl,0,weights
1996,W_Strawl,0,weights
1997,W_Strawl,0,weights
1998,W_Strawl,0,weights
1999,W_Strawl,0,weights
2000,W_Strawl,0,weights
2001,W_Strawl,0,weights
2002,W_Strawl,1,weights
2003,W_Strawl,1,weights
2004,W_Strawl,1,weights
2005,W_Strawl,1,weights
2006,W_Strawl,1,weights
2007,W_Strawl,1,weights
2008,W_Strawl,1,weights
2009,W_Strawl,1,weights
2010,W_Strawl,1,weights
2011,W_Strawl,1,weights
2012,W_Strawl,1,weights
2013,W_Strawl,1,weights
2014,W_Strawl,1,weights
2015,W_Strawl,1,weights
2016,W_Strawl,1,weights
2017,W_Strawl,1,weights
2018,W_Strawl,1,weights
2019,W_Strawl,1,weights
2020,W_Strawl,1,weights
2021,W_Strawl,1,weights
2022,W_Strawl,1,weights
2023,W_Strawl,1,weights
1901,W_Nother,0,weights
1902,W_Nother,0,weights
1903,W_Nother,0,weights
1904,W_Nother,0,weights
1905,W_Nother,0,weights
1906,W_Nother,0,weights
1907,W_Nother,0,weights
1908,W_Nother,0,weights
1909,W_Nother,0,weights
1910,W_Nother,0,weights
1911,W_Nother,0,weights
1912,W_Nother,0,weights
1913,W_Nother,0,weights
1914,W_Nother,0,weights
1915,W_Nother,0,weights
1916,W_Nother,0,weights
1917,W_Nother,0,weights
1918,W_Nother,0,weights
1919,W_Nother,0,weights
1920,W_Nother,0,weights
1921,W_Nother,0,weights
1922,W_Nother,0,weights
1923,W_Nother,0,weights
1924,W_Nother,0,weights
1925,W_Nother,0,weights
1926,W_Nother,0,weights
1927,W_Nother,0,weights
1928,W_Nother,0,weights
1929,W_Nother,0,weights
1930,W_Nother,0,weights
1931,W_Nother,0,weights
1932,W_Nother,0,weights
1933,W_Nother,0,weights
1934,W_Nother,0,weights
1935,W_Nother,0,weights
1936,W_Nother,0,weights
1937,W_Nother,0,weights
1938,W_Nother,0,weights
1939,W_Nother,0,weights
1940,W_Nother,0,weights
1941,W_Nother,0,weights
1942,W_Nother,0,weights
1943,W_Nother,0,weights
1944,W_Nother,0,weights
1945,W_Nother,0,weights
1946,W_Nother,0,weights
1947,W_Nother,0,weights
1948,W_Nother,0,weights
1949,W_Nother,0,weights
1950,W_Nother,0,weights
1951,W_Nother,0,weights
1952,W_Nother,0,weights
1953,W_Nother,0,weights
1954,W_Nother,0,weights
1955,W_Nother,0,weights
1956,W_Nother,0,weights
1957,W_Nother,0,weights
1958,W_Nother,0,weights
1959,W_Nother,0,weights
1960,W_Nother,0,weights
1961,W_Nother,0,weights
1962,W_Nother,0,weights
1963,W_Nother,0,weights
1964,W_Nother,0,weights
1965,W_Nother,0,weights
1966,W_Nother,0,weights
1967,W_Nother,0,weights
1968,W_Nother,0,weights
1969,W_Nother,0,weights
1970,W_Nother,0,weights
1971,W_Nother,0,weights
1972,W_Nother,0,weights
1973,W_Nother,0,weights
1974,W_Nother,0,weights
1975,W_Nother,0,weights
1976,W_Nother,0,weights
1977,W_Nother,0,weights
1978,W_Nother,0,weights
1979,W_Nother,0,weights
1980,W_Nother,0,weights
1981,W_Nother,0,weights
1982,W_Nother,0,weights
1983,W_Nother,0,weights
1984,W_Nother,0,weights
1985,W_Nother,0,weights
1986,W_Nother,0,weights
1987,W_Nother,0,weights
1988,W_Nother,0,weights
1989,W_Nother,0,weights
1990,W_Nother,0,weights
1991,W_Nother,0,weights
1992,W_Nother,0,weights
1993,W_Nother,0,weights
1994,W_Nother,0,weights
1995,W_Nother,0,weights
1996,W_Nother,0,weights
1997,W_Nother,0,weights
1998,W_Nother,0,weights
1999,W_Nother,0,weights
2000,W_Nother,0,weights
2001,W_Nother,0,weights
2002,W_Nother,1,weights
2003,W_Nother,1,weights
2004,W_Nother,1,weights
2005,W_Nother,1,weights
2006,W_Nother,1,weights
2007,W_Nother,1,weights
2008,W_Nother,1,weights
2009,W_Nother,1,weights
2010,W_Nother,1,weights
2011,W_Nother,1,weights
2012,W_Nother,1,weights
2013,W_Nother,1,weights
2014,W_Nother,1,weights
2015,W_Nother,1,weights
2016,W_Nother,1,weights
2017,W_Nother,1,weights
2018,W_Nother,1,weights
2019,W_Nother,1,weights
2020,W_Nother,1,weights
2021,W_Nother,1,weights
2022,W_Nother,1,weights
2023,W_Nother,1,weights
1901,W_Sother,0,weights
1902,W_Sother,0,weights
1903,W_Sother,0,weights
1904,W_Sother,0,weights
1905,W_Sother,0,weights
1906,W_Sother,0,weights
1907,W_Sother,0,weights
1908,W_Sother,0,weights
1909,W_Sother,0,weights
1910,W_Sother,0,weights
1911,W_Sother,0,weights
1912,W_Sother,0,weights
1913,W_Sother,0,weights
1914,W_Sother,0,weights
1915,W_Sother,0,weights
1916,W_Sother,0,weights
1917,W_Sother,0,weights
1918,W_Sother,0,weights
1919,W_Sother,0,weights
1920,W_Sother,0,weights
1921,W_Sother,0,weights
1922,W_Sother,0,weights
1923,W_Sother,0,weights
1924,W_Sother,0,weights
1925,W_Sother,0,weights
1926,W_Sother,0,weights
1927,W_Sother,0,weights
1928,W_Sother,0,weights
1929,W_Sother,0,weights
1930,W_Sother,0,weights
1931,W_Sother,0,weights
1932,W_Sother,0,weights
1933,W_Sother,0,weights
1934,W_Sother,0,weights
1935,W_Sother,0,weights
1936,W_Sother,0,weights
1937,W_Sother,0,weights
1938,W_Sother,0,weights
1939,W_Sother,0,weights
1940,W_Sother,0,weights
1941,W_Sother,0,weights
1942,W_Sother,0,weights
1943,W_Sother,0,weights
1944,W_Sother,0,weights
1945,W_Sother,0,weights
1946,W_Sother,0,weights
1947,W_Sother,0,weights
1948,W_Sother,0,weights
1949,W_Sother,0,weights
1950,W_Sother,0,weights
1951,W_Sother,0,weights
1952,W_Sother,0,weights
1953,W_Sother,0,weights
1954,W_Sother,0,weights
1955,W_Sother,0,weights
1956,W_Sother,0,weights
1957,W_Sother,0,weights
1958,W_Sother,0,weights
1959,W_Sother,0,weights
1960,W_Sother,0,weights
1961,W_Sother,0,weights
1962,W_Sother,0,weights
1963,W_Sother,0,weights
1964,W_Sother,0,weights
1965,W_Sother,0,weights
1966,W_Sother,0,weights
1967,W_Sother,0,weights
1968,W_Sother,0,weights
1969,W_Sother,0,weights
1970,W_Sother,0,weights
1971,W_Sother,0,weights
1972,W_Sother,0,weights
1973,W_Sother,0,weights
1974,W_Sother,0,weights
1975,W_Sother,0,weights
1976,W_Sother,0,weights
1977,W_Sother,0,weights
1978,W_Sother,0,weights
1979,W_Sother,0,weights
1980,W_Sother,0,weights
1981,W_Sother,0,weights
1982,W_Sother,0,weights
1983,W_Sother,0,weights
1984,W_Sother,0,weights
1985,W_Sother,0,weights
1986,W_Sother,0,weights
1987,W_Sother,0,weights
1988,W_Sother,0,weights
1989,W_Sother,0,weights
1990,W_Sother,0,weights
1991,W_Sother,0,weights
1992,W_Sother,0,weights
1993,W_Sother,0,weights
1994,W_Sother,0,weights
1995,W_Sother,0,weights
1996,W_Sother,0,weights
1997,W_Sother,0,weights
1998,W_Sother,0,weights
1999,W_Sother,0,weights
2000,W_Sother,0,weights
2001,W_Sother,0,weights
2002,W_Sother,1,weights
2003,W_Sother,1,weights
2004,W_Sother,1,weights
2005,W_Sother,1,weights
2006,W_Sother,1,weights
2007,W_Sother,1,weights
2008,W_Sother,1,weights
2009,W_Sother,1,weights
2010,W_Sother,1,weights
2011,W_Sother,1,weights
2012,W_Sother,1,weights
2013,W_Sother,1,weights
2014,W_Sother,1,weights
2015,W_Sother,1,weights
2016,W_Sother,1,weights
2017,W_Sother,1,weights
2018,W_Sother,1,weights
2019,W_Sother,1,weights
2020,W_Sother,1,weights
2021,W_Sother,1,weights
2022,W_Sother,1,weights
2023,W_Sother,1,weights
