Model,Label,Value,Phase,Min,Max,Init,Gradient,Pr_type,Prior,Pr_SD,Pr_Like,LCI95,UCI95
23.base.day2.update,NatM_break_1_Fem_GP_1,0.04,-3,0.01,0.15,0.04,NA,Log_Norm,-3.129,0.5361,0.0140528,0.04,0.04
23.base.day2.update,NatM_break_2_Fem_GP_1,0.04,-3,-3,3,0.04,NA,No_prior,NA,NA,NA,NA,NA
23.base.day2.update,L_at_Amin_Fem_GP_1,11.3832,-2,3,25,11.3832,NA,No_prior,NA,NA,NA,NA,NA
23.base.day2.update,L_at_Amax_Fem_GP_1,73.6079,-2,55,95,73.6079,NA,No_prior,NA,NA,NA,NA,NA
23.base.day2.update,VonBert_K_Fem_GP_1,0.00989856,-3,0.001,0.03,0.00989856,NA,No_prior,NA,NA,NA,NA,NA
23.base.day2.update,CV_young_Fem_GP_1,0.109034,-3,0.05,0.25,0.109034,NA,No_prior,NA,NA,NA,NA,NA
23.base.day2.update,CV_old_Fem_GP_1,0.109034,-3,-3,3,0.109034,NA,No_prior,NA,NA,NA,NA,NA
23.base.day2.update,Wtlen_1_Fem_GP_1,4.86e-6,-3,0,100,4.86e-6,NA,No_prior,NA,NA,NA,NA,NA
23.base.day2.update,Wtlen_2_Fem_GP_1,3.26,-3,0,100,3.26,NA,No_prior,NA,NA,NA,NA,NA
23.base.day2.update,Mat50%_Fem_GP_1,31.4247,-3,0,100,31.4247,NA,No_prior,NA,NA,NA,NA,NA
23.base.day2.update,Mat_slope_Fem_GP_1,-0.177291,-3,-3,100,-0.177291,NA,No_prior,NA,NA,NA,NA,NA
23.base.day2.update,Eggs_scalar_Fem_GP_1,5.44e-8,-3,0,100,5.44e-8,NA,No_prior,NA,NA,NA,NA,NA
23.base.day2.update,Eggs_exp_len_Fem_GP_1,3.978,-3,0,100,3.978,NA,No_prior,NA,NA,NA,NA,NA
23.base.day2.update,NatM_break_1_Mal_GP_1,0.04,-3,-3,3,0.04,NA,No_prior,NA,NA,NA,NA,NA
23.base.day2.update,NatM_break_2_Mal_GP_1,0.04,-3,-3,3,0.04,NA,No_prior,NA,NA,NA,NA,NA
23.base.day2.update,L_at_Amin_Mal_GP_1,9.1733,-3,-3,25,9.1733,NA,No_prior,NA,NA,NA,NA,NA
23.base.day2.update,L_at_Amax_Mal_GP_1,66.0728,-2,-3,75,66.0728,NA,No_prior,NA,NA,NA,NA,NA
23.base.day2.update,VonBert_K_Mal_GP_1,0.0167854,-3,-3,3,0.0167854,NA,No_prior,NA,NA,NA,NA,NA
23.base.day2.update,CV_young_Mal_GP_1,0.109034,-3,-3,3,0.109034,NA,No_prior,NA,NA,NA,NA,NA
23.base.day2.update,CV_old_Mal_GP_1,0.109034,-3,-3,3,0.109034,NA,No_prior,NA,NA,NA,NA,NA
23.base.day2.update,Wtlen_1_Mal_GP_1,4.96e-6,-3,0,100,4.96e-6,NA,No_prior,NA,NA,NA,NA,NA
23.base.day2.update,Wtlen_2_Mal_GP_1,3.25,-3,0,100,3.25,NA,No_prior,NA,NA,NA,NA,NA
23.base.day2.update,CohortGrowDev,1,-1,0.1,10,1,NA,No_prior,NA,NA,NA,NA,NA
23.base.day2.update,FracFemale_GP_1,0.5,-99,1e-8,1,0.5,NA,No_prior,NA,NA,NA,NA,NA
23.base.day2.update,SR_LN(R0),9.48449,4,7,13,9.33,1.7944e-5,No_prior,NA,NA,NA,NA,NA
23.base.day2.update,SR_BH_steep,0.72,-2,0.2,1,0.72,NA,No_prior,NA,NA,NA,NA,NA
23.base.day2.update,SR_sigmaR,0.5,-4,0,2,0.5,NA,No_prior,NA,NA,NA,NA,NA
23.base.day2.update,SR_regime,0,-4,-5,5,0,NA,No_prior,NA,NA,NA,NA,NA
23.base.day2.update,SR_autocorr,0,-1,-1,1,0,NA,No_prior,NA,NA,NA,NA,NA
23.base.day2.update,Early_InitAge_1,0.014953,6,-5,5,0,5.9525e-7,dev,NA,NA,NA,NA,NA
23.base.day2.update,Early_RecrDev_1901,0.0154641,6,-5,5,0,-5.05891e-8,dev,NA,NA,NA,NA,NA
23.base.day2.update,Early_RecrDev_1902,0.0157303,6,-5,5,0,2.43167e-7,dev,NA,NA,NA,NA,NA
23.base.day2.update,Early_RecrDev_1903,0.0156578,6,-5,5,0,1.20305e-7,dev,NA,NA,NA,NA,NA
23.base.day2.update,Early_RecrDev_1904,0.0139572,6,-5,5,0,1.89577e-7,dev,NA,NA,NA,NA,NA
23.base.day2.update,Early_RecrDev_1905,0.0121715,6,-5,5,0,2.31943e-7,dev,NA,NA,NA,NA,NA
23.base.day2.update,Early_RecrDev_1906,0.0112416,6,-5,5,0,2.10261e-7,dev,NA,NA,NA,NA,NA
23.base.day2.update,Early_RecrDev_1907,0.0102874,6,-5,5,0,1.70277e-7,dev,NA,NA,NA,NA,NA
23.base.day2.update,Early_RecrDev_1908,0.00838967,6,-5,5,0,2.23557e-7,dev,NA,NA,NA,NA,NA
23.base.day2.update,Early_RecrDev_1909,0.00697841,6,-5,5,0,1.71022e-7,dev,NA,NA,NA,NA,NA
23.base.day2.update,Early_RecrDev_1910,0.00446246,6,-5,5,0,4.14344e-7,dev,NA,NA,NA,NA,NA
23.base.day2.update,Early_RecrDev_1911,0.00338793,6,-5,5,0,-2.53322e-8,dev,NA,NA,NA,NA,NA
23.base.day2.update,Early_RecrDev_1912,0.00626306,6,-5,5,0,4.0167e-7,dev,NA,NA,NA,NA,NA
23.base.day2.update,Early_RecrDev_1913,0.00977196,6,-5,5,0,4.89739e-8,dev,NA,NA,NA,NA,NA
23.base.day2.update,Early_RecrDev_1914,0.00956655,6,-5,5,0,4.14821e-7,dev,NA,NA,NA,NA,NA
23.base.day2.update,Early_RecrDev_1915,0.00389971,6,-5,5,0,4.96305e-7,dev,NA,NA,NA,NA,NA
23.base.day2.update,Early_RecrDev_1916,0.00193131,6,-5,5,0,4.97228e-7,dev,NA,NA,NA,NA,NA
23.base.day2.update,Early_RecrDev_1917,4.65433e-4,6,-5,5,0,2.56204e-7,dev,NA,NA,NA,NA,NA
23.base.day2.update,Early_RecrDev_1918,-0.00162633,6,-5,5,0,1.54817e-7,dev,NA,NA,NA,NA,NA
23.base.day2.update,Early_RecrDev_1919,-0.00206739,6,-5,5,0,1.04865e-8,dev,NA,NA,NA,NA,NA
23.base.day2.update,Early_RecrDev_1920,-0.00402103,6,-5,5,0,2.67788e-7,dev,NA,NA,NA,NA,NA
23.base.day2.update,Early_RecrDev_1921,-0.0141207,6,-5,5,0,3.82766e-7,dev,NA,NA,NA,NA,NA
23.base.day2.update,Early_RecrDev_1922,-0.0108989,6,-5,5,0,1.9525e-7,dev,NA,NA,NA,NA,NA
23.base.day2.update,Early_RecrDev_1923,-0.012699,6,-5,5,0,2.97709e-7,dev,NA,NA,NA,NA,NA
23.base.day2.update,Early_RecrDev_1924,-0.0154603,6,-5,5,0,8.12323e-7,dev,NA,NA,NA,NA,NA
23.base.day2.update,Early_RecrDev_1925,-0.0183629,6,-5,5,0,6.23976e-7,dev,NA,NA,NA,NA,NA
23.base.day2.update,Early_RecrDev_1926,-0.021373,6,-5,5,0,7.58264e-7,dev,NA,NA,NA,NA,NA
23.base.day2.update,Early_RecrDev_1927,-0.024449,6,-5,5,0,7.41558e-7,dev,NA,NA,NA,NA,NA
23.base.day2.update,Early_RecrDev_1928,-0.0275421,6,-5,5,0,4.15284e-7,dev,NA,NA,NA,NA,NA
23.base.day2.update,Early_RecrDev_1929,-0.0305979,6,-5,5,0,8.71754e-7,dev,NA,NA,NA,NA,NA
23.base.day2.update,Early_RecrDev_1930,-0.0335584,6,-5,5,0,5.11e-7,dev,NA,NA,NA,NA,NA
23.base.day2.update,Early_RecrDev_1931,-0.036366,6,-5,5,0,7.82774e-7,dev,NA,NA,NA,NA,NA
23.base.day2.update,Early_RecrDev_1932,-0.0389679,6,-5,5,0,7.4692e-7,dev,NA,NA,NA,NA,NA
23.base.day2.update,Early_RecrDev_1933,-0.0413227,6,-5,5,0,4.17805e-7,dev,NA,NA,NA,NA,NA
23.base.day2.update,Early_RecrDev_1934,-0.0434081,6,-5,5,0,6.10053e-7,dev,NA,NA,NA,NA,NA
23.base.day2.update,Early_RecrDev_1935,-0.0452297,6,-5,5,0,7.29777e-7,dev,NA,NA,NA,NA,NA
23.base.day2.update,Early_RecrDev_1936,-0.0468319,6,-5,5,0,5.21273e-7,dev,NA,NA,NA,NA,NA
23.base.day2.update,Early_RecrDev_1937,-0.0483089,6,-5,5,0,6.22929e-7,dev,NA,NA,NA,NA,NA
23.base.day2.update,Early_RecrDev_1938,-0.0498141,6,-5,5,0,9.97625e-7,dev,NA,NA,NA,NA,NA
23.base.day2.update,Early_RecrDev_1939,-0.0515687,6,-5,5,0,1.19824e-6,dev,NA,NA,NA,NA,NA
23.base.day2.update,Early_RecrDev_1940,-0.0538664,6,-5,5,0,9.97787e-7,dev,NA,NA,NA,NA,NA
23.base.day2.update,Early_RecrDev_1941,-0.0570699,6,-5,5,0,9.60796e-7,dev,NA,NA,NA,NA,NA
23.base.day2.update,Early_RecrDev_1942,-0.0615992,6,-5,5,0,7.93645e-7,dev,NA,NA,NA,NA,NA
23.base.day2.update,Early_RecrDev_1943,-0.0679078,6,-5,5,0,4.8701e-7,dev,NA,NA,NA,NA,NA
23.base.day2.update,Early_RecrDev_1944,-0.0764468,6,-5,5,0,7.0249e-8,dev,NA,NA,NA,NA,NA
23.base.day2.update,Early_RecrDev_1945,-0.0876205,6,-5,5,0,4.39388e-7,dev,NA,NA,NA,NA,NA
23.base.day2.update,Early_RecrDev_1946,-0.101734,6,-5,5,0,7.0706e-7,dev,NA,NA,NA,NA,NA
23.base.day2.update,Early_RecrDev_1947,-0.118949,6,-5,5,0,6.0381e-7,dev,NA,NA,NA,NA,NA
23.base.day2.update,Early_RecrDev_1948,-0.139245,6,-5,5,0,6.01105e-7,dev,NA,NA,NA,NA,NA
23.base.day2.update,Early_RecrDev_1949,-0.162404,6,-5,5,0,5.39319e-7,dev,NA,NA,NA,NA,NA
23.base.day2.update,Early_RecrDev_1950,-0.188021,6,-5,5,0,9.29128e-7,dev,NA,NA,NA,NA,NA
23.base.day2.update,Early_RecrDev_1951,-0.215002,6,-5,5,0,4.4666e-7,dev,NA,NA,NA,NA,NA
23.base.day2.update,Early_RecrDev_1952,-0.243046,6,-5,5,0,5.14298e-7,dev,NA,NA,NA,NA,NA
23.base.day2.update,Early_RecrDev_1953,-0.271356,6,-5,5,0,3.79915e-7,dev,NA,NA,NA,NA,NA
23.base.day2.update,Early_RecrDev_1954,-0.299066,6,-5,5,0,4.97819e-7,dev,NA,NA,NA,NA,NA
23.base.day2.update,Early_RecrDev_1955,-0.325265,6,-5,5,0,4.44615e-7,dev,NA,NA,NA,NA,NA
23.base.day2.update,Early_RecrDev_1956,-0.349044,6,-5,5,0,7.7308e-7,dev,NA,NA,NA,NA,NA
23.base.day2.update,Early_RecrDev_1957,-0.369457,6,-5,5,0,3.15532e-7,dev,NA,NA,NA,NA,NA
23.base.day2.update,Early_RecrDev_1958,-0.385596,6,-5,5,0,2.53694e-7,dev,NA,NA,NA,NA,NA
23.base.day2.update,Early_RecrDev_1959,-0.396516,6,-5,5,0,2.8138e-7,dev,NA,NA,NA,NA,NA
23.base.day2.update,Early_RecrDev_1960,-0.401164,6,-5,5,0,1.57868e-7,dev,NA,NA,NA,NA,NA
23.base.day2.update,Early_RecrDev_1961,-0.398445,6,-5,5,0,4.49148e-7,dev,NA,NA,NA,NA,NA
23.base.day2.update,Early_RecrDev_1962,-0.387334,6,-5,5,0,3.28292e-7,dev,NA,NA,NA,NA,NA
23.base.day2.update,Early_RecrDev_1963,-0.366793,6,-5,5,0,2.48164e-7,dev,NA,NA,NA,NA,NA
23.base.day2.update,Early_RecrDev_1964,-0.336172,6,-5,5,0,2.90214e-7,dev,NA,NA,NA,NA,NA
23.base.day2.update,Early_RecrDev_1965,-0.295637,6,-5,5,0,1.90611e-7,dev,NA,NA,NA,NA,NA
23.base.day2.update,Early_RecrDev_1966,-0.24631,6,-5,5,0,3.77991e-7,dev,NA,NA,NA,NA,NA
23.base.day2.update,Early_RecrDev_1967,-0.190726,6,-5,5,0,1.08097e-7,dev,NA,NA,NA,NA,NA
23.base.day2.update,Early_RecrDev_1968,-0.132486,6,-5,5,0,7.46093e-7,dev,NA,NA,NA,NA,NA
23.base.day2.update,Early_RecrDev_1969,-0.0755543,6,-5,5,0,5.2987e-7,dev,NA,NA,NA,NA,NA
23.base.day2.update,Early_RecrDev_1970,-0.0227144,6,-5,5,0,4.56105e-7,dev,NA,NA,NA,NA,NA
23.base.day2.update,Early_RecrDev_1971,0.0258635,6,-5,5,0,3.42342e-7,dev,NA,NA,NA,NA,NA
23.base.day2.update,Early_RecrDev_1972,0.070859,6,-5,5,0,2.99286e-8,dev,NA,NA,NA,NA,NA
23.base.day2.update,Early_RecrDev_1973,0.110312,6,-5,5,0,4.27209e-7,dev,NA,NA,NA,NA,NA
23.base.day2.update,Early_RecrDev_1974,0.138039,6,-5,5,0,9.595e-7,dev,NA,NA,NA,NA,NA
23.base.day2.update,Early_RecrDev_1975,0.14671,6,-5,5,0,9.76002e-7,dev,NA,NA,NA,NA,NA
23.base.day2.update,Early_RecrDev_1976,0.133076,6,-5,5,0,9.27302e-7,dev,NA,NA,NA,NA,NA
23.base.day2.update,Early_RecrDev_1977,0.10352,6,-5,5,0,6.14519e-7,dev,NA,NA,NA,NA,NA
23.base.day2.update,Early_RecrDev_1978,0.0712547,6,-5,5,0,3.38818e-7,dev,NA,NA,NA,NA,NA
23.base.day2.update,Early_RecrDev_1979,0.0505239,6,-5,5,0,1.85164e-7,dev,NA,NA,NA,NA,NA
23.base.day2.update,Early_RecrDev_1980,0.0496031,6,-5,5,0,3.70043e-7,dev,NA,NA,NA,NA,NA
23.base.day2.update,Early_RecrDev_1981,0.0648746,6,-5,5,0,7.42207e-7,dev,NA,NA,NA,NA,NA
23.base.day2.update,Early_RecrDev_1982,0.0792212,6,-5,5,0,1.40454e-6,dev,NA,NA,NA,NA,NA
23.base.day2.update,Early_RecrDev_1983,0.0764513,6,-5,5,0,9.26062e-7,dev,NA,NA,NA,NA,NA
23.base.day2.update,Early_RecrDev_1984,0.057525,6,-5,5,0,5.57075e-7,dev,NA,NA,NA,NA,NA
23.base.day2.update,Early_RecrDev_1985,0.0328993,6,-5,5,0,3.20248e-7,dev,NA,NA,NA,NA,NA
23.base.day2.update,Early_RecrDev_1986,0.00966452,6,-5,5,0,3.11856e-7,dev,NA,NA,NA,NA,NA
23.base.day2.update,Early_RecrDev_1987,-0.00442873,6,-5,5,0,5.09258e-7,dev,NA,NA,NA,NA,NA
23.base.day2.update,Early_RecrDev_1988,-0.00233445,6,-5,5,0,1.19056e-6,dev,NA,NA,NA,NA,NA
23.base.day2.update,Early_RecrDev_1989,0.00539793,6,-5,5,0,5.33049e-7,dev,NA,NA,NA,NA,NA
23.base.day2.update,Early_RecrDev_1990,0.00495051,6,-5,5,0,-3.82915e-7,dev,NA,NA,NA,NA,NA
23.base.day2.update,Early_RecrDev_1991,-0.0482646,6,-5,5,0,-3.40234e-8,dev,NA,NA,NA,NA,NA
23.base.day2.update,Early_RecrDev_1992,-0.11544,6,-5,5,0,-4.08132e-7,dev,NA,NA,NA,NA,NA
23.base.day2.update,Early_RecrDev_1993,-0.172656,6,-5,5,0,-1.2433e-6,dev,NA,NA,NA,NA,NA
23.base.day2.update,Early_RecrDev_1994,-0.275577,6,-5,5,0,-5.58296e-7,dev,NA,NA,NA,NA,NA
23.base.day2.update,Early_RecrDev_1995,-0.319759,6,-5,5,0,-3.75265e-7,dev,NA,NA,NA,NA,NA
23.base.day2.update,Main_RecrDev_1996,-0.499878,6,-5,5,0,7.41067e-7,dev,NA,NA,NA,NA,NA
23.base.day2.update,Main_RecrDev_1997,-0.443719,6,-5,5,0,3.6353e-7,dev,NA,NA,NA,NA,NA
23.base.day2.update,Main_RecrDev_1998,-0.386593,6,-5,5,0,-1.30916e-6,dev,NA,NA,NA,NA,NA
23.base.day2.update,Main_RecrDev_1999,-0.203184,6,-5,5,0,4.01078e-7,dev,NA,NA,NA,NA,NA
23.base.day2.update,Main_RecrDev_2000,0.029295,6,-5,5,0,-6.80596e-7,dev,NA,NA,NA,NA,NA
23.base.day2.update,Main_RecrDev_2001,0.271659,6,-5,5,0,-1.70841e-6,dev,NA,NA,NA,NA,NA
23.base.day2.update,Main_RecrDev_2002,0.261453,6,-5,5,0,-1.15412e-6,dev,NA,NA,NA,NA,NA
23.base.day2.update,Main_RecrDev_2003,1.12611,6,-5,5,0,-2.42848e-6,dev,NA,NA,NA,NA,NA
23.base.day2.update,Main_RecrDev_2004,0.289361,6,-5,5,0,-7.00834e-7,dev,NA,NA,NA,NA,NA
23.base.day2.update,Main_RecrDev_2005,0.346114,6,-5,5,0,7.74571e-7,dev,NA,NA,NA,NA,NA
23.base.day2.update,Main_RecrDev_2006,0.369799,6,-5,5,0,-8.5584e-7,dev,NA,NA,NA,NA,NA
23.base.day2.update,Main_RecrDev_2007,0.501969,6,-5,5,0,-8.66878e-7,dev,NA,NA,NA,NA,NA
23.base.day2.update,Main_RecrDev_2008,0.738946,6,-5,5,0,-1.02884e-7,dev,NA,NA,NA,NA,NA
23.base.day2.update,Main_RecrDev_2009,0.258245,6,-5,5,0,1.27403e-7,dev,NA,NA,NA,NA,NA
23.base.day2.update,Main_RecrDev_2010,-0.00282668,6,-5,5,0,8.68316e-7,dev,NA,NA,NA,NA,NA
23.base.day2.update,Main_RecrDev_2011,-0.142816,6,-5,5,0,1.70753e-7,dev,NA,NA,NA,NA,NA
23.base.day2.update,Main_RecrDev_2012,-0.290478,6,-5,5,0,7.95176e-7,dev,NA,NA,NA,NA,NA
23.base.day2.update,Main_RecrDev_2013,-0.376515,6,-5,5,0,5.2521e-7,dev,NA,NA,NA,NA,NA
23.base.day2.update,Main_RecrDev_2014,-0.380344,6,-5,5,0,5.95625e-7,dev,NA,NA,NA,NA,NA
23.base.day2.update,Main_RecrDev_2015,-0.374875,6,-5,5,0,5.49664e-7,dev,NA,NA,NA,NA,NA
23.base.day2.update,Main_RecrDev_2016,-0.346262,6,-5,5,0,7.17101e-7,dev,NA,NA,NA,NA,NA
23.base.day2.update,Main_RecrDev_2017,-0.369615,6,-5,5,0,7.35939e-7,dev,NA,NA,NA,NA,NA
23.base.day2.update,Main_RecrDev_2018,-0.375848,6,-5,5,0,8.97493e-7,dev,NA,NA,NA,NA,NA
23.base.day2.update,Late_RecrDev_2019,-0.0481149,5,-5,5,0,-1.86944e-7,dev,NA,NA,NA,NA,NA
23.base.day2.update,Late_RecrDev_2020,-0.00425468,5,-5,5,0,3.32471e-8,dev,NA,NA,NA,NA,NA
23.base.day2.update,Late_RecrDev_2021,0.0436864,5,-5,5,0,1.4446e-8,dev,NA,NA,NA,NA,NA
23.base.day2.update,Late_RecrDev_2022,0,5,-5,5,0,0,dev,NA,NA,NA,NA,NA
23.base.day2.update,ForeRecr_2023,0,5,-5,5,0,0,dev,NA,NA,NA,NA,NA
23.base.day2.update,ForeRecr_2024,0,5,-5,5,0,0,dev,NA,NA,NA,NA,NA
23.base.day2.update,ForeRecr_2025,0,5,-5,5,0,0,dev,NA,NA,NA,NA,NA
23.base.day2.update,ForeRecr_2026,0,5,-5,5,0,0,dev,NA,NA,NA,NA,NA
23.base.day2.update,ForeRecr_2027,0,5,-5,5,0,0,dev,NA,NA,NA,NA,NA
23.base.day2.update,ForeRecr_2028,0,5,-5,5,0,0,dev,NA,NA,NA,NA,NA
23.base.day2.update,ForeRecr_2029,0,5,-5,5,0,0,dev,NA,NA,NA,NA,NA
23.base.day2.update,ForeRecr_2030,0,5,-5,5,0,0,dev,NA,NA,NA,NA,NA
23.base.day2.update,ForeRecr_2031,0,5,-5,5,0,0,dev,NA,NA,NA,NA,NA
23.base.day2.update,ForeRecr_2032,0,5,-5,5,0,0,dev,NA,NA,NA,NA,NA
23.base.day2.update,ForeRecr_2033,0,5,-5,5,0,0,dev,NA,NA,NA,NA,NA
23.base.day2.update,ForeRecr_2034,0,5,-5,5,0,0,dev,NA,NA,NA,NA,NA
23.base.day2.update,LnQ_base_Triennial1(4),-0.367219,-1,-5,5,-2.17642,NA,No_prior,NA,NA,NA,NA,NA
23.base.day2.update,Q_extraSD_Triennial1(4),0.102322,4,0.01,0.5,0.05,-3.76577e-8,No_prior,NA,NA,NA,NA,NA
23.base.day2.update,LnQ_base_NWFSCcombo(6),0.365154,-1,-5,5,-0.840803,NA,No_prior,NA,NA,NA,NA,NA
23.base.day2.update,Size_DblN_peak_Trawl_N(1),25.1292,1,10,60,30,2.05185e-5,No_prior,NA,NA,NA,NA,NA
23.base.day2.update,Size_DblN_top_logit_Trawl_N(1),-15,-3,-16,16,-15,NA,No_prior,NA,NA,NA,NA,NA
23.base.day2.update,Size_DblN_ascend_se_Trawl_N(1),4.30689,3,-5,10,3,-2.30609e-5,No_prior,NA,NA,NA,NA,NA
23.base.day2.update,Size_DblN_descend_se_Trawl_N(1),6.7842,4,-5,10,5,1.99693e-5,No_prior,NA,NA,NA,NA,NA
23.base.day2.update,Size_DblN_start_logit_Trawl_N(1),-999,-99,-999,15,-999,NA,No_prior,NA,NA,NA,NA,NA
23.base.day2.update,Size_DblN_end_logit_Trawl_N(1),-999,-99,-999,15,-999,NA,No_prior,NA,NA,NA,NA,NA
23.base.day2.update,Retain_L_infl_Trawl_N(1),35.0027,3,5,70,23,-4.287e-5,No_prior,NA,NA,NA,NA,NA
23.base.day2.update,Retain_L_width_Trawl_N(1),2.27546,3,0.1,40,2,-1.54595e-5,No_prior,NA,NA,NA,NA,NA
23.base.day2.update,Retain_L_asymptote_logit_Trawl_N(1),10,3,-10,10,2.19722,-6.81587e-8,No_prior,NA,NA,NA,NA,NA
23.base.day2.update,Retain_L_maleoffset_Trawl_N(1),0,-4,-3,3,0,NA,No_prior,NA,NA,NA,NA,NA
23.base.day2.update,Size_DblN_peak_Trawl_S(2),19.6879,1,10,60,30,-6.92864e-7,No_prior,NA,NA,NA,NA,NA
23.base.day2.update,Size_DblN_top_logit_Trawl_S(2),-0.675453,3,-7,7,0,1.69353e-5,No_prior,NA,NA,NA,NA,NA
23.base.day2.update,Size_DblN_ascend_se_Trawl_S(2),4.07913,3,-5,10,3,1.26318e-5,No_prior,NA,NA,NA,NA,NA
23.base.day2.update,Size_DblN_descend_se_Trawl_S(2),5.27124,4,-5,10,5,7.01524e-6,No_prior,NA,NA,NA,NA,NA
23.base.day2.update,Size_DblN_start_logit_Trawl_S(2),-999,-99,-999,15,-999,NA,No_prior,NA,NA,NA,NA,NA
23.base.day2.update,Size_DblN_end_logit_Trawl_S(2),-999,-99,-999,15,-999,NA,No_prior,NA,NA,NA,NA,NA
23.base.day2.update,Retain_L_infl_Trawl_S(2),28.6583,3,5,70,23,1.36894e-7,No_prior,NA,NA,NA,NA,NA
23.base.day2.update,Retain_L_width_Trawl_S(2),2.06016,3,0.1,40,2,1.00446e-5,No_prior,NA,NA,NA,NA,NA
23.base.day2.update,Retain_L_asymptote_logit_Trawl_S(2),10,3,-10,10,10,4.47719e-9,No_prior,NA,NA,NA,NA,NA
23.base.day2.update,Retain_L_maleoffset_Trawl_S(2),0,-4,-3,3,0,NA,No_prior,NA,NA,NA,NA,NA
23.base.day2.update,Size_DblN_peak_Non-trawl(3),44.995,2,10,60,30,3.91673e-6,No_prior,NA,NA,NA,NA,NA
23.base.day2.update,Size_DblN_top_logit_Non-trawl(3),-3.61343,3,-7,7,0,6.56164e-7,No_prior,NA,NA,NA,NA,NA
23.base.day2.update,Size_DblN_ascend_se_Non-trawl(3),5.03435,3,-5,10,3,-2.76192e-6,No_prior,NA,NA,NA,NA,NA
23.base.day2.update,Size_DblN_descend_se_Non-trawl(3),4.63185,4,-5,10,5,4.4031e-6,No_prior,NA,NA,NA,NA,NA
23.base.day2.update,Size_DblN_start_logit_Non-trawl(3),-999,-99,-999,15,-999,NA,No_prior,NA,NA,NA,NA,NA
23.base.day2.update,Size_DblN_end_logit_Non-trawl(3),-999,-99,-999,15,-999,NA,No_prior,NA,NA,NA,NA,NA
23.base.day2.update,Retain_L_infl_Non-trawl(3),25.4761,3,5,70,23,-2.17663e-7,No_prior,NA,NA,NA,NA,NA
23.base.day2.update,Retain_L_width_Non-trawl(3),2.97199,3,0.1,40,2,-1.7508e-7,No_prior,NA,NA,NA,NA,NA
23.base.day2.update,Retain_L_asymptote_logit_Non-trawl(3),1.51475,3,-10,10,2.19722,3.57761e-6,No_prior,NA,NA,NA,NA,NA
23.base.day2.update,Retain_L_maleoffset_Non-trawl(3),0,-4,-3,3,0,NA,No_prior,NA,NA,NA,NA,NA
23.base.day2.update,Size_DblN_peak_Triennial1(4),26.7616,2,10,60,30,4.10965e-7,No_prior,NA,NA,NA,NA,NA
23.base.day2.update,Size_DblN_top_logit_Triennial1(4),-7,-3,-16,16,-7,NA,No_prior,NA,NA,NA,NA,NA
23.base.day2.update,Size_DblN_ascend_se_Triennial1(4),4.11092,3,-5,10,3,1.65368e-7,No_prior,NA,NA,NA,NA,NA
23.base.day2.update,Size_DblN_descend_se_Triennial1(4),3.16342,4,-5,10,5,5.92548e-7,No_prior,NA,NA,NA,NA,NA
23.base.day2.update,Size_DblN_start_logit_Triennial1(4),-999,-99,-999,15,-999,NA,No_prior,NA,NA,NA,NA,NA
23.base.day2.update,Size_DblN_end_logit_Triennial1(4),-999,-99,-999,15,-999,NA,No_prior,NA,NA,NA,NA,NA
23.base.day2.update,SzSel_Male_Peak_Triennial1(4),-1.96926,3,-15,15,-2.85457,6.20859e-8,No_prior,NA,NA,NA,NA,NA
23.base.day2.update,SzSel_Male_Ascend_Triennial1(4),-0.114894,3,-15,15,-0.150036,7.39711e-7,No_prior,NA,NA,NA,NA,NA
23.base.day2.update,SzSel_Male_Descend_Triennial1(4),0,-3,-15,15,0,NA,No_prior,NA,NA,NA,NA,NA
23.base.day2.update,SzSel_Male_Final_Triennial1(4),0,-3,-15,15,0,NA,No_prior,NA,NA,NA,NA,NA
23.base.day2.update,SzSel_Male_Scale_Triennial1(4),1,-4,-15,15,1,NA,No_prior,NA,NA,NA,NA,NA
23.base.day2.update,Size_DblN_peak_Triennial2(5),23.6802,2,10,60,30,5.12535e-7,No_prior,NA,NA,NA,NA,NA
23.base.day2.update,Size_DblN_top_logit_Triennial2(5),-7,-3,-16,16,-7,NA,No_prior,NA,NA,NA,NA,NA
23.base.day2.update,Size_DblN_ascend_se_Triennial2(5),4.37941,3,-5,10,3,-1.29192e-6,No_prior,NA,NA,NA,NA,NA
23.base.day2.update,Size_DblN_descend_se_Triennial2(5),4.09038,4,-5,10,5,-3.96287e-7,No_prior,NA,NA,NA,NA,NA
23.base.day2.update,Size_DblN_start_logit_Triennial2(5),-999,-99,-999,15,-999,NA,No_prior,NA,NA,NA,NA,NA
23.base.day2.update,Size_DblN_end_logit_Triennial2(5),-999,-99,-999,15,-999,NA,No_prior,NA,NA,NA,NA,NA
23.base.day2.update,SzSel_Male_Peak_Triennial2(5),-1.89563,3,-15,15,-2.85457,-6.70287e-8,No_prior,NA,NA,NA,NA,NA
23.base.day2.update,SzSel_Male_Ascend_Triennial2(5),-0.303549,3,-15,15,-0.150036,3.96211e-7,No_prior,NA,NA,NA,NA,NA
23.base.day2.update,SzSel_Male_Descend_Triennial2(5),0,-3,-15,15,0,NA,No_prior,NA,NA,NA,NA,NA
23.base.day2.update,SzSel_Male_Final_Triennial2(5),0,-3,-15,15,0,NA,No_prior,NA,NA,NA,NA,NA
23.base.day2.update,SzSel_Male_Scale_Triennial2(5),1,-4,-15,15,1,NA,No_prior,NA,NA,NA,NA,NA
23.base.day2.update,Size_DblN_peak_NWFSCcombo(6),31.2385,2,10,60,30,-7.13971e-7,No_prior,NA,NA,NA,NA,NA
23.base.day2.update,Size_DblN_top_logit_NWFSCcombo(6),-0.919067,3,-7,7,0,-2.07896e-6,No_prior,NA,NA,NA,NA,NA
23.base.day2.update,Size_DblN_ascend_se_NWFSCcombo(6),4.9657,3,-5,10,3,1.53981e-6,No_prior,NA,NA,NA,NA,NA
23.base.day2.update,Size_DblN_descend_se_NWFSCcombo(6),4.38453,4,-5,10,5,-8.87674e-7,No_prior,NA,NA,NA,NA,NA
23.base.day2.update,Size_DblN_start_logit_NWFSCcombo(6),-999,-99,-999,15,-999,NA,No_prior,NA,NA,NA,NA,NA
23.base.day2.update,Size_DblN_end_logit_NWFSCcombo(6),-999,-99,-999,15,-999,NA,No_prior,NA,NA,NA,NA,NA
23.base.day2.update,SzSel_Male_Peak_NWFSCcombo(6),-4.32051,3,-15,15,-4.26284,-5.18758e-7,No_prior,NA,NA,NA,NA,NA
23.base.day2.update,SzSel_Male_Ascend_NWFSCcombo(6),-0.530306,3,-15,15,-0.347213,2.63808e-6,No_prior,NA,NA,NA,NA,NA
23.base.day2.update,SzSel_Male_Descend_NWFSCcombo(6),0,-3,-15,15,0,NA,No_prior,NA,NA,NA,NA,NA
23.base.day2.update,SzSel_Male_Final_NWFSCcombo(6),0,-3,-15,15,0,NA,No_prior,NA,NA,NA,NA,NA
23.base.day2.update,SzSel_Male_Scale_NWFSCcombo(6),1,-4,-15,15,1,NA,No_prior,NA,NA,NA,NA,NA
23.base.day2.update,Size_DblN_peak_Trawl_N(1)_BLK3delta_2003,2.12665,2,-15,15,0,1.19722e-5,Normal,0,5,0.0904531,-0.347404,4.60071
23.base.day2.update,Size_DblN_peak_Trawl_N(1)_BLK3delta_2011,1.34801,2,-15,15,0,1.25988e-5,Normal,0,5,0.0363426,-0.58396,3.27998
23.base.day2.update,Retain_L_infl_Trawl_N(1)_BLK1delta_1989,-6.20271,4,-10,10,0,-9.96141e-6,Normal,0,5,0.769473,-10,-0.657705
23.base.day2.update,Retain_L_infl_Trawl_N(1)_BLK1delta_2007,-5.04768,4,-10,10,0,-1.04352e-5,Normal,0,5,0.509582,-6.6061,-3.48927
23.base.day2.update,Retain_L_infl_Trawl_N(1)_BLK1delta_2011,-1.32547,4,-10,10,0,-1.20454e-5,Normal,0,5,0.0351373,-2.86882,0.217886
23.base.day2.update,Retain_L_infl_Trawl_N(1)_BLK1delta_2015,-7.10397,4,-10,10,0,-3.16395e-6,Normal,0,5,1.00933,-8.23874,-5.9692
23.base.day2.update,Retain_L_infl_Trawl_N(1)_BLK1delta_2020,6.42657,4,-10,10,0,-2.98873e-6,Normal,0,5,0.826016,5.4016,7.45154
23.base.day2.update,Retain_L_asymptote_logit_Trawl_N(1)_BLK1delta_1989,5.20726e-4,4,-0.5,0.5,0,5.3713e-8,Normal,0,0.2,3.38945e-6,-0.391375,0.392417
23.base.day2.update,Retain_L_asymptote_logit_Trawl_N(1)_BLK1delta_2007,6.26092e-4,4,-0.5,0.5,0,-2.51796e-8,Normal,0,0.2,4.89989e-6,-0.391249,0.392502
23.base.day2.update,Retain_L_asymptote_logit_Trawl_N(1)_BLK1delta_2011,5.32883e-4,4,-0.5,0.5,0,-5.33706e-8,Normal,0,0.2,3.54956e-6,-0.391361,0.392427
23.base.day2.update,Retain_L_asymptote_logit_Trawl_N(1)_BLK1delta_2015,-6.69323e-5,4,-0.5,0.5,0,-2.52793e-8,Normal,0,0.2,5.59992e-8,-0.392078,0.391944
23.base.day2.update,Retain_L_asymptote_logit_Trawl_N(1)_BLK1delta_2020,-7.18572e-5,4,-0.5,0.5,0,-3.54695e-8,Normal,0,0.2,6.45432e-8,-0.392086,0.391942
23.base.day2.update,Size_DblN_peak_Trawl_S(2)_BLK3delta_2003,10.3553,2,-15,15,0,-1.01435e-6,Normal,0,5,2.14466,5.88176,14.8289
23.base.day2.update,Size_DblN_peak_Trawl_S(2)_BLK3delta_2011,0.555459,2,-15,15,0,-1.95271e-6,Normal,0,5,0.00617069,-0.811594,1.92251
23.base.day2.update,Retain_L_infl_Trawl_S(2)_BLK2delta_1989,-2.15679,4,-10,10,0,2.54231e-7,Normal,0,5,0.0930346,-3.94988,-0.363692
23.base.day2.update,Retain_L_infl_Trawl_S(2)_BLK2delta_2007,-4.49486,4,-10,10,0,1.15699e-6,Normal,0,5,0.404076,-6.08074,-2.90899
23.base.day2.update,Retain_L_infl_Trawl_S(2)_BLK2delta_2011,-3.43081,4,-10,10,0,4.86717e-7,Normal,0,5,0.23541,-4.62889,-2.23273
23.base.day2.update,Retain_L_infl_Trawl_S(2)_BLK2delta_2017,3.00549,4,-10,10,0,-3.51001e-6,Normal,0,5,0.18066,2.45053,3.56045
23.base.day2.update,Retain_L_infl_Trawl_S(2)_BLK2delta_2020,6.07871,4,-10,10,0,-4.78522e-6,Normal,0,5,0.739014,5.47346,6.68396
23.base.day2.update,Retain_L_asymptote_logit_Trawl_S(2)_BLK2delta_1989,4.8517e-4,4,-0.5,0.5,0,3.04232e-8,Normal,0,0.2,2.94237e-6,-0.391416,0.392386
23.base.day2.update,Retain_L_asymptote_logit_Trawl_S(2)_BLK2delta_2007,8.75014e-4,4,-0.5,0.5,0,-8.64882e-8,Normal,0,0.2,9.57062e-6,-0.39095,0.3927
23.base.day2.update,Retain_L_asymptote_logit_Trawl_S(2)_BLK2delta_2011,5.70871e-4,4,-0.5,0.5,0,-3.29025e-8,Normal,0,0.2,4.07367e-6,-0.391314,0.392455
23.base.day2.update,Retain_L_asymptote_logit_Trawl_S(2)_BLK2delta_2017,-1.40342e-4,4,-0.5,0.5,0,-1.95858e-8,Normal,0,0.2,2.46199e-7,-0.392168,0.391887
23.base.day2.update,Retain_L_asymptote_logit_Trawl_S(2)_BLK2delta_2020,-1.63745e-4,4,-0.5,0.5,0,-3.78935e-8,Normal,0,0.2,3.35155e-7,-0.392196,0.391868
23.model.SigmaR.non.zero,NatM_break_1_Fem_GP_1,0.04,-3,0.01,0.15,0.04,NA,Log_Norm,-3.129,0.5361,0.0140528,0.04,0.04
23.model.SigmaR.non.zero,NatM_break_2_Fem_GP_1,0.04,-3,-3,3,0.04,NA,No_prior,NA,NA,NA,NA,NA
23.model.SigmaR.non.zero,L_at_Amin_Fem_GP_1,11.3832,-2,3,25,11.3832,NA,No_prior,NA,NA,NA,NA,NA
23.model.SigmaR.non.zero,L_at_Amax_Fem_GP_1,73.6079,-2,55,95,73.6079,NA,No_prior,NA,NA,NA,NA,NA
23.model.SigmaR.non.zero,VonBert_K_Fem_GP_1,0.00989856,-3,0.001,0.03,0.00989856,NA,No_prior,NA,NA,NA,NA,NA
23.model.SigmaR.non.zero,CV_young_Fem_GP_1,0.109034,-3,0.05,0.25,0.109034,NA,No_prior,NA,NA,NA,NA,NA
23.model.SigmaR.non.zero,CV_old_Fem_GP_1,0.109034,-3,-3,3,0.109034,NA,No_prior,NA,NA,NA,NA,NA
23.model.SigmaR.non.zero,Wtlen_1_Fem_GP_1,4.86e-6,-3,0,100,4.86e-6,NA,No_prior,NA,NA,NA,NA,NA
23.model.SigmaR.non.zero,Wtlen_2_Fem_GP_1,3.26,-3,0,100,3.26,NA,No_prior,NA,NA,NA,NA,NA
23.model.SigmaR.non.zero,Mat50%_Fem_GP_1,31.4247,-3,0,100,31.4247,NA,No_prior,NA,NA,NA,NA,NA
23.model.SigmaR.non.zero,Mat_slope_Fem_GP_1,-0.177291,-3,-3,100,-0.177291,NA,No_prior,NA,NA,NA,NA,NA
23.model.SigmaR.non.zero,Eggs_scalar_Fem_GP_1,5.44e-8,-3,0,100,5.44e-8,NA,No_prior,NA,NA,NA,NA,NA
23.model.SigmaR.non.zero,Eggs_exp_len_Fem_GP_1,3.978,-3,0,100,3.978,NA,No_prior,NA,NA,NA,NA,NA
23.model.SigmaR.non.zero,NatM_break_1_Mal_GP_1,0.04,-3,-3,3,0.04,NA,No_prior,NA,NA,NA,NA,NA
23.model.SigmaR.non.zero,NatM_break_2_Mal_GP_1,0.04,-3,-3,3,0.04,NA,No_prior,NA,NA,NA,NA,NA
23.model.SigmaR.non.zero,L_at_Amin_Mal_GP_1,9.1733,-3,-3,25,9.1733,NA,No_prior,NA,NA,NA,NA,NA
23.model.SigmaR.non.zero,L_at_Amax_Mal_GP_1,66.0728,-2,-3,75,66.0728,NA,No_prior,NA,NA,NA,NA,NA
23.model.SigmaR.non.zero,VonBert_K_Mal_GP_1,0.0167854,-3,-3,3,0.0167854,NA,No_prior,NA,NA,NA,NA,NA
23.model.SigmaR.non.zero,CV_young_Mal_GP_1,0.109034,-3,-3,3,0.109034,NA,No_prior,NA,NA,NA,NA,NA
23.model.SigmaR.non.zero,CV_old_Mal_GP_1,0.109034,-3,-3,3,0.109034,NA,No_prior,NA,NA,NA,NA,NA
23.model.SigmaR.non.zero,Wtlen_1_Mal_GP_1,4.96e-6,-3,0,100,4.96e-6,NA,No_prior,NA,NA,NA,NA,NA
23.model.SigmaR.non.zero,Wtlen_2_Mal_GP_1,3.25,-3,0,100,3.25,NA,No_prior,NA,NA,NA,NA,NA
23.model.SigmaR.non.zero,CohortGrowDev,1,-1,0.1,10,1,NA,No_prior,NA,NA,NA,NA,NA
23.model.SigmaR.non.zero,FracFemale_GP_1,0.5,-99,1e-8,1,0.5,NA,No_prior,NA,NA,NA,NA,NA
23.model.SigmaR.non.zero,SR_LN(R0),9.46695,4,7,13,9.33,-4.61795e-5,No_prior,NA,NA,NA,NA,NA
23.model.SigmaR.non.zero,SR_BH_steep,0.72,-2,0.2,1,0.72,NA,No_prior,NA,NA,NA,NA,NA
23.model.SigmaR.non.zero,SR_sigmaR,0.5,-4,0,2,0.5,NA,No_prior,NA,NA,NA,NA,NA
23.model.SigmaR.non.zero,SR_regime,0,-4,-5,5,0,NA,No_prior,NA,NA,NA,NA,NA
23.model.SigmaR.non.zero,SR_autocorr,0,-1,-1,1,0,NA,No_prior,NA,NA,NA,NA,NA
23.model.SigmaR.non.zero,Early_InitAge_1,0.012431,6,-5,5,0,-2.70177e-7,dev,NA,NA,NA,NA,NA
23.model.SigmaR.non.zero,Early_RecrDev_1901,0.0128866,6,-5,5,0,-4.88738e-7,dev,NA,NA,NA,NA,NA
23.model.SigmaR.non.zero,Early_RecrDev_1902,0.0131128,6,-5,5,0,-5.95085e-7,dev,NA,NA,NA,NA,NA
23.model.SigmaR.non.zero,Early_RecrDev_1903,0.0129591,6,-5,5,0,-5.84291e-7,dev,NA,NA,NA,NA,NA
23.model.SigmaR.non.zero,Early_RecrDev_1904,0.0115322,6,-5,5,0,-6.86576e-7,dev,NA,NA,NA,NA,NA
23.model.SigmaR.non.zero,Early_RecrDev_1905,0.00996359,6,-5,5,0,-5.95618e-7,dev,NA,NA,NA,NA,NA
23.model.SigmaR.non.zero,Early_RecrDev_1906,0.00931415,6,-5,5,0,-6.37385e-7,dev,NA,NA,NA,NA,NA
23.model.SigmaR.non.zero,Early_RecrDev_1907,0.00865611,6,-5,5,0,-5.71832e-7,dev,NA,NA,NA,NA,NA
23.model.SigmaR.non.zero,Early_RecrDev_1908,0.0071949,6,-5,5,0,-6.08183e-7,dev,NA,NA,NA,NA,NA
23.model.SigmaR.non.zero,Early_RecrDev_1909,0.00615187,6,-5,5,0,-5.52682e-7,dev,NA,NA,NA,NA,NA
23.model.SigmaR.non.zero,Early_RecrDev_1910,0.00408734,6,-5,5,0,-7.61526e-7,dev,NA,NA,NA,NA,NA
23.model.SigmaR.non.zero,Early_RecrDev_1911,0.0033445,6,-5,5,0,-9.26202e-7,dev,NA,NA,NA,NA,NA
23.model.SigmaR.non.zero,Early_RecrDev_1912,0.00614581,6,-5,5,0,-9.5479e-7,dev,NA,NA,NA,NA,NA
23.model.SigmaR.non.zero,Early_RecrDev_1913,0.00952087,6,-5,5,0,-9.80407e-7,dev,NA,NA,NA,NA,NA
23.model.SigmaR.non.zero,Early_RecrDev_1914,0.00972983,6,-5,5,0,-9.49433e-7,dev,NA,NA,NA,NA,NA
23.model.SigmaR.non.zero,Early_RecrDev_1915,0.00498856,6,-5,5,0,-9.68433e-7,dev,NA,NA,NA,NA,NA
23.model.SigmaR.non.zero,Early_RecrDev_1916,0.00352382,6,-5,5,0,-8.38761e-7,dev,NA,NA,NA,NA,NA
23.model.SigmaR.non.zero,Early_RecrDev_1917,0.0025792,6,-5,5,0,-9.27804e-7,dev,NA,NA,NA,NA,NA
23.model.SigmaR.non.zero,Early_RecrDev_1918,0.00105758,6,-5,5,0,-1.0155e-6,dev,NA,NA,NA,NA,NA
23.model.SigmaR.non.zero,Early_RecrDev_1919,0.00105449,6,-5,5,0,-9.13285e-7,dev,NA,NA,NA,NA,NA
23.model.SigmaR.non.zero,Early_RecrDev_1920,-2.92107e-4,6,-5,5,0,-1.06046e-6,dev,NA,NA,NA,NA,NA
23.model.SigmaR.non.zero,Early_RecrDev_1921,-0.00897362,6,-5,5,0,-1.2252e-6,dev,NA,NA,NA,NA,NA
23.model.SigmaR.non.zero,Early_RecrDev_1922,-0.00552002,6,-5,5,0,-9.26261e-7,dev,NA,NA,NA,NA,NA
23.model.SigmaR.non.zero,Early_RecrDev_1923,-0.00660044,6,-5,5,0,-9.89723e-7,dev,NA,NA,NA,NA,NA
23.model.SigmaR.non.zero,Early_RecrDev_1924,-0.00847715,6,-5,5,0,-1.00399e-6,dev,NA,NA,NA,NA,NA
23.model.SigmaR.non.zero,Early_RecrDev_1925,-0.0104242,6,-5,5,0,-1.03711e-6,dev,NA,NA,NA,NA,NA
23.model.SigmaR.non.zero,Early_RecrDev_1926,-0.0124041,6,-5,5,0,-1.20231e-6,dev,NA,NA,NA,NA,NA
23.model.SigmaR.non.zero,Early_RecrDev_1927,-0.0143714,6,-5,5,0,-1.04584e-6,dev,NA,NA,NA,NA,NA
23.model.SigmaR.non.zero,Early_RecrDev_1928,-0.016273,6,-5,5,0,-7.55726e-7,dev,NA,NA,NA,NA,NA
23.model.SigmaR.non.zero,Early_RecrDev_1929,-0.0180498,6,-5,5,0,-1.36418e-6,dev,NA,NA,NA,NA,NA
23.model.SigmaR.non.zero,Early_RecrDev_1930,-0.0196388,6,-5,5,0,-1.28525e-6,dev,NA,NA,NA,NA,NA
23.model.SigmaR.non.zero,Early_RecrDev_1931,-0.020977,6,-5,5,0,-1.12519e-6,dev,NA,NA,NA,NA,NA
23.model.SigmaR.non.zero,Early_RecrDev_1932,-0.0220063,6,-5,5,0,-1.54278e-6,dev,NA,NA,NA,NA,NA
23.model.SigmaR.non.zero,Early_RecrDev_1933,-0.0226805,6,-5,5,0,-1.1747900000000001e-06,dev,NA,NA,NA,NA,NA
23.model.SigmaR.non.zero,Early_RecrDev_1934,-0.0229736,6,-5,5,0,-1.07693e-6,dev,NA,NA,NA,NA,NA
23.model.SigmaR.non.zero,Early_RecrDev_1935,-0.0228897,6,-5,5,0,-1.33293e-6,dev,NA,NA,NA,NA,NA
23.model.SigmaR.non.zero,Early_RecrDev_1936,-0.0224752,6,-5,5,0,-1.2695e-6,dev,NA,NA,NA,NA,NA
23.model.SigmaR.non.zero,Early_RecrDev_1937,-0.0218311,6,-5,5,0,-1.42903e-6,dev,NA,NA,NA,NA,NA
23.model.SigmaR.non.zero,Early_RecrDev_1938,-0.0211253,6,-5,5,0,-1.50413e-6,dev,NA,NA,NA,NA,NA
23.model.SigmaR.non.zero,Early_RecrDev_1939,-0.0206029,6,-5,5,0,-1.93301e-6,dev,NA,NA,NA,NA,NA
23.model.SigmaR.non.zero,Early_RecrDev_1940,-0.0205927,6,-5,5,0,-1.51992e-6,dev,NA,NA,NA,NA,NA
23.model.SigmaR.non.zero,Early_RecrDev_1941,-0.0215056,6,-5,5,0,-1.56898e-6,dev,NA,NA,NA,NA,NA
23.model.SigmaR.non.zero,Early_RecrDev_1942,-0.0238229,6,-5,5,0,-1.84437e-6,dev,NA,NA,NA,NA,NA
23.model.SigmaR.non.zero,Early_RecrDev_1943,-0.0280699,6,-5,5,0,-1.83044e-6,dev,NA,NA,NA,NA,NA
23.model.SigmaR.non.zero,Early_RecrDev_1944,-0.0347749,6,-5,5,0,-1.82382e-6,dev,NA,NA,NA,NA,NA
23.model.SigmaR.non.zero,Early_RecrDev_1945,-0.044416,6,-5,5,0,-1.58414e-6,dev,NA,NA,NA,NA,NA
23.model.SigmaR.non.zero,Early_RecrDev_1946,-0.05736,6,-5,5,0,-1.62501e-6,dev,NA,NA,NA,NA,NA
23.model.SigmaR.non.zero,Early_RecrDev_1947,-0.0738062,6,-5,5,0,-1.50905e-6,dev,NA,NA,NA,NA,NA
23.model.SigmaR.non.zero,Early_RecrDev_1948,-0.0937457,6,-5,5,0,-1.35013e-6,dev,NA,NA,NA,NA,NA
23.model.SigmaR.non.zero,Early_RecrDev_1949,-0.116943,6,-5,5,0,-1.00327e-6,dev,NA,NA,NA,NA,NA
23.model.SigmaR.non.zero,Early_RecrDev_1950,-0.14295,6,-5,5,0,-9.91387e-7,dev,NA,NA,NA,NA,NA
23.model.SigmaR.non.zero,Early_RecrDev_1951,-0.170706,6,-5,5,0,-1.31123e-6,dev,NA,NA,NA,NA,NA
23.model.SigmaR.non.zero,Early_RecrDev_1952,-0.199746,6,-5,5,0,-1.62553e-6,dev,NA,NA,NA,NA,NA
23.model.SigmaR.non.zero,Early_RecrDev_1953,-0.229215,6,-5,5,0,-1.11647e-6,dev,NA,NA,NA,NA,NA
23.model.SigmaR.non.zero,Early_RecrDev_1954,-0.258203,6,-5,5,0,-9.39952e-7,dev,NA,NA,NA,NA,NA
23.model.SigmaR.non.zero,Early_RecrDev_1955,-0.285772,6,-5,5,0,-9.35308e-7,dev,NA,NA,NA,NA,NA
23.model.SigmaR.non.zero,Early_RecrDev_1956,-0.310996,6,-5,5,0,-1.09969e-6,dev,NA,NA,NA,NA,NA
23.model.SigmaR.non.zero,Early_RecrDev_1957,-0.332926,6,-5,5,0,-1.00493e-6,dev,NA,NA,NA,NA,NA
23.model.SigmaR.non.zero,Early_RecrDev_1958,-0.350648,6,-5,5,0,-8.96516e-7,dev,NA,NA,NA,NA,NA
23.model.SigmaR.non.zero,Early_RecrDev_1959,-0.363209,6,-5,5,0,-8.7664e-7,dev,NA,NA,NA,NA,NA
23.model.SigmaR.non.zero,Early_RecrDev_1960,-0.369561,6,-5,5,0,-8.12687e-7,dev,NA,NA,NA,NA,NA
23.model.SigmaR.non.zero,Early_RecrDev_1961,-0.368611,6,-5,5,0,-7.27426e-7,dev,NA,NA,NA,NA,NA
23.model.SigmaR.non.zero,Early_RecrDev_1962,-0.359312,6,-5,5,0,-6.28914e-7,dev,NA,NA,NA,NA,NA
23.model.SigmaR.non.zero,Early_RecrDev_1963,-0.340623,6,-5,5,0,-7.44654e-7,dev,NA,NA,NA,NA,NA
23.model.SigmaR.non.zero,Early_RecrDev_1964,-0.311884,6,-5,5,0,-5.17509e-7,dev,NA,NA,NA,NA,NA
23.model.SigmaR.non.zero,Early_RecrDev_1965,-0.273216,6,-5,5,0,-9.90608e-7,dev,NA,NA,NA,NA,NA
23.model.SigmaR.non.zero,Early_RecrDev_1966,-0.225714,6,-5,5,0,-8.64886e-7,dev,NA,NA,NA,NA,NA
23.model.SigmaR.non.zero,Early_RecrDev_1967,-0.171865,6,-5,5,0,-1.04867e-6,dev,NA,NA,NA,NA,NA
23.model.SigmaR.non.zero,Early_RecrDev_1968,-0.115259,6,-5,5,0,-1.22405e-6,dev,NA,NA,NA,NA,NA
23.model.SigmaR.non.zero,Early_RecrDev_1969,-0.0597794,6,-5,5,0,-1.34089e-6,dev,NA,NA,NA,NA,NA
23.model.SigmaR.non.zero,Early_RecrDev_1970,-0.0080067,6,-5,5,0,-1.21366e-6,dev,NA,NA,NA,NA,NA
23.model.SigmaR.non.zero,Early_RecrDev_1971,0.0399615,6,-5,5,0,-1.15736e-6,dev,NA,NA,NA,NA,NA
23.model.SigmaR.non.zero,Early_RecrDev_1972,0.0848104,6,-5,5,0,-1.14754e-6,dev,NA,NA,NA,NA,NA
23.model.SigmaR.non.zero,Early_RecrDev_1973,0.124534,6,-5,5,0,-1.99396e-6,dev,NA,NA,NA,NA,NA
23.model.SigmaR.non.zero,Early_RecrDev_1974,0.152845,6,-5,5,0,-1.26987e-6,dev,NA,NA,NA,NA,NA
23.model.SigmaR.non.zero,Early_RecrDev_1975,0.16214,6,-5,5,0,-1.62137e-6,dev,NA,NA,NA,NA,NA
23.model.SigmaR.non.zero,Early_RecrDev_1976,0.148975,6,-5,5,0,-1.6431e-6,dev,NA,NA,NA,NA,NA
23.model.SigmaR.non.zero,Early_RecrDev_1977,0.119764,6,-5,5,0,-1.25535e-6,dev,NA,NA,NA,NA,NA
23.model.SigmaR.non.zero,Early_RecrDev_1978,0.0879581,6,-5,5,0,-1.29137e-6,dev,NA,NA,NA,NA,NA
23.model.SigmaR.non.zero,Early_RecrDev_1979,0.0681178,6,-5,5,0,-1.24348e-6,dev,NA,NA,NA,NA,NA
23.model.SigmaR.non.zero,Early_RecrDev_1980,0.0687577,6,-5,5,0,-1.23405e-6,dev,NA,NA,NA,NA,NA
23.model.SigmaR.non.zero,Early_RecrDev_1981,0.0863684,6,-5,5,0,-1.16621e-6,dev,NA,NA,NA,NA,NA
23.model.SigmaR.non.zero,Early_RecrDev_1982,0.103646,6,-5,5,0,-1.57018e-6,dev,NA,NA,NA,NA,NA
23.model.SigmaR.non.zero,Early_RecrDev_1983,0.104232,6,-5,5,0,-1.10382e-6,dev,NA,NA,NA,NA,NA
23.model.SigmaR.non.zero,Early_RecrDev_1984,0.089028,6,-5,5,0,-1.783e-6,dev,NA,NA,NA,NA,NA
23.model.SigmaR.non.zero,Early_RecrDev_1985,0.0686556,6,-5,5,0,-1.39526e-6,dev,NA,NA,NA,NA,NA
23.model.SigmaR.non.zero,Early_RecrDev_1986,0.0504044,6,-5,5,0,-1.20984e-6,dev,NA,NA,NA,NA,NA
23.model.SigmaR.non.zero,Early_RecrDev_1987,0.0425852,6,-5,5,0,-1.26805e-6,dev,NA,NA,NA,NA,NA
23.model.SigmaR.non.zero,Early_RecrDev_1988,0.0532826,6,-5,5,0,-1.11788e-6,dev,NA,NA,NA,NA,NA
23.model.SigmaR.non.zero,Early_RecrDev_1989,0.0716013,6,-5,5,0,-1.83339e-6,dev,NA,NA,NA,NA,NA
23.model.SigmaR.non.zero,Early_RecrDev_1990,0.0826721,6,-5,5,0,-1.20782e-6,dev,NA,NA,NA,NA,NA
23.model.SigmaR.non.zero,Early_RecrDev_1991,0.0353576,6,-5,5,0,-3.1425e-7,dev,NA,NA,NA,NA,NA
23.model.SigmaR.non.zero,Early_RecrDev_1992,-0.0330411,6,-5,5,0,-3.82477e-7,dev,NA,NA,NA,NA,NA
23.model.SigmaR.non.zero,Early_RecrDev_1993,-0.101776,6,-5,5,0,-1.39999e-6,dev,NA,NA,NA,NA,NA
23.model.SigmaR.non.zero,Early_RecrDev_1994,-0.231311,6,-5,5,0,-1.07718e-6,dev,NA,NA,NA,NA,NA
23.model.SigmaR.non.zero,Early_RecrDev_1995,-0.313541,6,-5,5,0,-1.16375e-6,dev,NA,NA,NA,NA,NA
23.model.SigmaR.non.zero,Main_RecrDev_1996,-0.280076,6,-5,5,0,2.40099e-7,dev,NA,NA,NA,NA,NA
23.model.SigmaR.non.zero,Main_RecrDev_1997,-0.263873,6,-5,5,0,6.5977e-7,dev,NA,NA,NA,NA,NA
23.model.SigmaR.non.zero,Main_RecrDev_1998,-0.221638,6,-5,5,0,7.45873e-8,dev,NA,NA,NA,NA,NA
23.model.SigmaR.non.zero,Main_RecrDev_1999,-0.0575957,6,-5,5,0,9.36323e-7,dev,NA,NA,NA,NA,NA
23.model.SigmaR.non.zero,Main_RecrDev_2000,0.171219,6,-5,5,0,2.86863e-6,dev,NA,NA,NA,NA,NA
23.model.SigmaR.non.zero,Main_RecrDev_2001,0.425506,6,-5,5,0,2.5381e-6,dev,NA,NA,NA,NA,NA
23.model.SigmaR.non.zero,Main_RecrDev_2002,0.522033,6,-5,5,0,4.91065e-6,dev,NA,NA,NA,NA,NA
23.model.SigmaR.non.zero,Main_RecrDev_2003,1.0837,6,-5,5,0,8.39574e-6,dev,NA,NA,NA,NA,NA
23.model.SigmaR.non.zero,Main_RecrDev_2004,0.578914,6,-5,5,0,5.65194e-6,dev,NA,NA,NA,NA,NA
23.model.SigmaR.non.zero,Main_RecrDev_2005,0.583608,6,-5,5,0,2.08746e-6,dev,NA,NA,NA,NA,NA
23.model.SigmaR.non.zero,Main_RecrDev_2006,0.584527,6,-5,5,0,2.20664e-6,dev,NA,NA,NA,NA,NA
23.model.SigmaR.non.zero,Main_RecrDev_2007,0.696486,6,-5,5,0,2.70724e-6,dev,NA,NA,NA,NA,NA
23.model.SigmaR.non.zero,Main_RecrDev_2008,0.81807,6,-5,5,0,5.24219e-6,dev,NA,NA,NA,NA,NA
23.model.SigmaR.non.zero,Main_RecrDev_2009,0.495838,6,-5,5,0,1.11401e-6,dev,NA,NA,NA,NA,NA
23.model.SigmaR.non.zero,Main_RecrDev_2010,0.241163,6,-5,5,0,2.67044e-8,dev,NA,NA,NA,NA,NA
23.model.SigmaR.non.zero,Main_RecrDev_2011,0.103593,6,-5,5,0,-2.75615e-7,dev,NA,NA,NA,NA,NA
23.model.SigmaR.non.zero,Main_RecrDev_2012,-0.0366144,6,-5,5,0,-2.75294e-7,dev,NA,NA,NA,NA,NA
23.model.SigmaR.non.zero,Main_RecrDev_2013,-0.114952,6,-5,5,0,-3.91413e-7,dev,NA,NA,NA,NA,NA
23.model.SigmaR.non.zero,Main_RecrDev_2014,-0.10984,6,-5,5,0,-2.57286e-7,dev,NA,NA,NA,NA,NA
23.model.SigmaR.non.zero,Main_RecrDev_2015,-0.0938645,6,-5,5,0,-2.06274e-7,dev,NA,NA,NA,NA,NA
23.model.SigmaR.non.zero,Main_RecrDev_2016,-0.0537976,6,-5,5,0,-9.59799e-8,dev,NA,NA,NA,NA,NA
23.model.SigmaR.non.zero,Main_RecrDev_2017,-0.0661508,6,-5,5,0,-1.27304e-7,dev,NA,NA,NA,NA,NA
23.model.SigmaR.non.zero,Main_RecrDev_2018,-0.0632092,6,-5,5,0,-8.84007e-9,dev,NA,NA,NA,NA,NA
23.model.SigmaR.non.zero,Late_RecrDev_2019,-0.0357469,5,-5,5,0,7.53863e-8,dev,NA,NA,NA,NA,NA
23.model.SigmaR.non.zero,Late_RecrDev_2020,0.00406388,5,-5,5,0,-1.28651e-7,dev,NA,NA,NA,NA,NA
23.model.SigmaR.non.zero,Late_RecrDev_2021,0.0411865,5,-5,5,0,1.07467e-7,dev,NA,NA,NA,NA,NA
23.model.SigmaR.non.zero,Late_RecrDev_2022,0,5,-5,5,0,0,dev,NA,NA,NA,NA,NA
23.model.SigmaR.non.zero,ForeRecr_2023,0,5,-5,5,0,0,dev,NA,NA,NA,NA,NA
23.model.SigmaR.non.zero,ForeRecr_2024,0,5,-5,5,0,0,dev,NA,NA,NA,NA,NA
23.model.SigmaR.non.zero,ForeRecr_2025,0,5,-5,5,0,0,dev,NA,NA,NA,NA,NA
23.model.SigmaR.non.zero,ForeRecr_2026,0,5,-5,5,0,0,dev,NA,NA,NA,NA,NA
23.model.SigmaR.non.zero,ForeRecr_2027,0,5,-5,5,0,0,dev,NA,NA,NA,NA,NA
23.model.SigmaR.non.zero,ForeRecr_2028,0,5,-5,5,0,0,dev,NA,NA,NA,NA,NA
23.model.SigmaR.non.zero,ForeRecr_2029,0,5,-5,5,0,0,dev,NA,NA,NA,NA,NA
23.model.SigmaR.non.zero,ForeRecr_2030,0,5,-5,5,0,0,dev,NA,NA,NA,NA,NA
23.model.SigmaR.non.zero,ForeRecr_2031,0,5,-5,5,0,0,dev,NA,NA,NA,NA,NA
23.model.SigmaR.non.zero,ForeRecr_2032,0,5,-5,5,0,0,dev,NA,NA,NA,NA,NA
23.model.SigmaR.non.zero,ForeRecr_2033,0,5,-5,5,0,0,dev,NA,NA,NA,NA,NA
23.model.SigmaR.non.zero,ForeRecr_2034,0,5,-5,5,0,0,dev,NA,NA,NA,NA,NA
23.model.SigmaR.non.zero,LnQ_base_Triennial1(4),-0.418727,-1,-5,5,-2.17642,NA,No_prior,NA,NA,NA,NA,NA
23.model.SigmaR.non.zero,Q_extraSD_Triennial1(4),0.0820575,4,0.01,0.5,0.05,1.10538e-7,No_prior,NA,NA,NA,NA,NA
23.model.SigmaR.non.zero,LnQ_base_NWFSCcombo(6),0.244486,-1,-5,5,-0.840803,NA,No_prior,NA,NA,NA,NA,NA
23.model.SigmaR.non.zero,Size_DblN_peak_Trawl_N(1),25.3391,1,10,60,30,-1.47688e-5,No_prior,NA,NA,NA,NA,NA
23.model.SigmaR.non.zero,Size_DblN_top_logit_Trawl_N(1),-15,-3,-16,16,-15,NA,No_prior,NA,NA,NA,NA,NA
23.model.SigmaR.non.zero,Size_DblN_ascend_se_Trawl_N(1),4.30374,3,-5,10,3,1.94174e-5,No_prior,NA,NA,NA,NA,NA
23.model.SigmaR.non.zero,Size_DblN_descend_se_Trawl_N(1),6.82284,4,-5,10,5,-1.82994e-5,No_prior,NA,NA,NA,NA,NA
23.model.SigmaR.non.zero,Size_DblN_start_logit_Trawl_N(1),-999,-99,-999,15,-999,NA,No_prior,NA,NA,NA,NA,NA
23.model.SigmaR.non.zero,Size_DblN_end_logit_Trawl_N(1),-999,-99,-999,15,-999,NA,No_prior,NA,NA,NA,NA,NA
23.model.SigmaR.non.zero,Retain_L_infl_Trawl_N(1),34.8644,3,5,70,23,1.50411e-5,No_prior,NA,NA,NA,NA,NA
23.model.SigmaR.non.zero,Retain_L_width_Trawl_N(1),2.30866,3,0.1,40,2,6.63932e-6,No_prior,NA,NA,NA,NA,NA
23.model.SigmaR.non.zero,Retain_L_asymptote_logit_Trawl_N(1),10,3,-10,10,2.19722,-1.97951e-8,No_prior,NA,NA,NA,NA,NA
23.model.SigmaR.non.zero,Retain_L_maleoffset_Trawl_N(1),0,-4,-3,3,0,NA,No_prior,NA,NA,NA,NA,NA
23.model.SigmaR.non.zero,Size_DblN_peak_Trawl_S(2),20.4792,1,10,60,30,-3.97361e-5,No_prior,NA,NA,NA,NA,NA
23.model.SigmaR.non.zero,Size_DblN_top_logit_Trawl_S(2),-0.642431,3,-7,7,0,-5.12717e-5,No_prior,NA,NA,NA,NA,NA
23.model.SigmaR.non.zero,Size_DblN_ascend_se_Trawl_S(2),4.07863,3,-5,10,3,4.46586e-5,No_prior,NA,NA,NA,NA,NA
23.model.SigmaR.non.zero,Size_DblN_descend_se_Trawl_S(2),5.2408,4,-5,10,5,-2.25181e-5,No_prior,NA,NA,NA,NA,NA
23.model.SigmaR.non.zero,Size_DblN_start_logit_Trawl_S(2),-999,-99,-999,15,-999,NA,No_prior,NA,NA,NA,NA,NA
23.model.SigmaR.non.zero,Size_DblN_end_logit_Trawl_S(2),-999,-99,-999,15,-999,NA,No_prior,NA,NA,NA,NA,NA
23.model.SigmaR.non.zero,Retain_L_infl_Trawl_S(2),28.5707,3,5,70,23,5.54607e-5,No_prior,NA,NA,NA,NA,NA
23.model.SigmaR.non.zero,Retain_L_width_Trawl_S(2),2.06388,3,0.1,40,2,9.15163e-6,No_prior,NA,NA,NA,NA,NA
23.model.SigmaR.non.zero,Retain_L_asymptote_logit_Trawl_S(2),10,3,-10,10,10,3.15914e-8,No_prior,NA,NA,NA,NA,NA
23.model.SigmaR.non.zero,Retain_L_maleoffset_Trawl_S(2),0,-4,-3,3,0,NA,No_prior,NA,NA,NA,NA,NA
23.model.SigmaR.non.zero,Size_DblN_peak_Non-trawl(3),44.9106,2,10,60,30,1.44459e-6,No_prior,NA,NA,NA,NA,NA
23.model.SigmaR.non.zero,Size_DblN_top_logit_Non-trawl(3),-3.40774,3,-7,7,0,6.70812e-7,No_prior,NA,NA,NA,NA,NA
23.model.SigmaR.non.zero,Size_DblN_ascend_se_Non-trawl(3),5.0214,3,-5,10,3,2.56228e-7,No_prior,NA,NA,NA,NA,NA
23.model.SigmaR.non.zero,Size_DblN_descend_se_Non-trawl(3),4.64058,4,-5,10,5,1.71669e-6,No_prior,NA,NA,NA,NA,NA
23.model.SigmaR.non.zero,Size_DblN_start_logit_Non-trawl(3),-999,-99,-999,15,-999,NA,No_prior,NA,NA,NA,NA,NA
23.model.SigmaR.non.zero,Size_DblN_end_logit_Non-trawl(3),-999,-99,-999,15,-999,NA,No_prior,NA,NA,NA,NA,NA
23.model.SigmaR.non.zero,Retain_L_infl_Non-trawl(3),25.4854,3,5,70,23,-3.90598e-7,No_prior,NA,NA,NA,NA,NA
23.model.SigmaR.non.zero,Retain_L_width_Non-trawl(3),2.9802399999999998,3,0.1,40,2,2.41483e-7,No_prior,NA,NA,NA,NA,NA
23.model.SigmaR.non.zero,Retain_L_asymptote_logit_Non-trawl(3),1.51428,3,-10,10,2.19722,-1.93514e-6,No_prior,NA,NA,NA,NA,NA
23.model.SigmaR.non.zero,Retain_L_maleoffset_Non-trawl(3),0,-4,-3,3,0,NA,No_prior,NA,NA,NA,NA,NA
23.model.SigmaR.non.zero,Size_DblN_peak_Triennial1(4),26.7312,2,10,60,30,8.57889e-7,No_prior,NA,NA,NA,NA,NA
23.model.SigmaR.non.zero,Size_DblN_top_logit_Triennial1(4),-7,-3,-16,16,-7,NA,No_prior,NA,NA,NA,NA,NA
23.model.SigmaR.non.zero,Size_DblN_ascend_se_Triennial1(4),4.10781,3,-5,10,3,2.35968e-8,No_prior,NA,NA,NA,NA,NA
23.model.SigmaR.non.zero,Size_DblN_descend_se_Triennial1(4),3.1575,4,-5,10,5,3.32136e-7,No_prior,NA,NA,NA,NA,NA
23.model.SigmaR.non.zero,Size_DblN_start_logit_Triennial1(4),-999,-99,-999,15,-999,NA,No_prior,NA,NA,NA,NA,NA
23.model.SigmaR.non.zero,Size_DblN_end_logit_Triennial1(4),-999,-99,-999,15,-999,NA,No_prior,NA,NA,NA,NA,NA
23.model.SigmaR.non.zero,SzSel_Male_Peak_Triennial1(4),-1.9585,3,-15,15,-2.85457,2.53796e-7,No_prior,NA,NA,NA,NA,NA
23.model.SigmaR.non.zero,SzSel_Male_Ascend_Triennial1(4),-0.110968,3,-15,15,-0.150036,2.91616e-7,No_prior,NA,NA,NA,NA,NA
23.model.SigmaR.non.zero,SzSel_Male_Descend_Triennial1(4),0,-3,-15,15,0,NA,No_prior,NA,NA,NA,NA,NA
23.model.SigmaR.non.zero,SzSel_Male_Final_Triennial1(4),0,-3,-15,15,0,NA,No_prior,NA,NA,NA,NA,NA
23.model.SigmaR.non.zero,SzSel_Male_Scale_Triennial1(4),1,-4,-15,15,1,NA,No_prior,NA,NA,NA,NA,NA
23.model.SigmaR.non.zero,Size_DblN_peak_Triennial2(5),23.7052,2,10,60,30,5.12881e-7,No_prior,NA,NA,NA,NA,NA
23.model.SigmaR.non.zero,Size_DblN_top_logit_Triennial2(5),-7,-3,-16,16,-7,NA,No_prior,NA,NA,NA,NA,NA
23.model.SigmaR.non.zero,Size_DblN_ascend_se_Triennial2(5),4.3682,3,-5,10,3,-2.50302e-6,No_prior,NA,NA,NA,NA,NA
23.model.SigmaR.non.zero,Size_DblN_descend_se_Triennial2(5),4.08352,4,-5,10,5,-3.88317e-7,No_prior,NA,NA,NA,NA,NA
23.model.SigmaR.non.zero,Size_DblN_start_logit_Triennial2(5),-999,-99,-999,15,-999,NA,No_prior,NA,NA,NA,NA,NA
23.model.SigmaR.non.zero,Size_DblN_end_logit_Triennial2(5),-999,-99,-999,15,-999,NA,No_prior,NA,NA,NA,NA,NA
23.model.SigmaR.non.zero,SzSel_Male_Peak_Triennial2(5),-1.91416,3,-15,15,-2.85457,-4.50991e-8,No_prior,NA,NA,NA,NA,NA
23.model.SigmaR.non.zero,SzSel_Male_Ascend_Triennial2(5),-0.301718,3,-15,15,-0.150036,-3.89587e-6,No_prior,NA,NA,NA,NA,NA
23.model.SigmaR.non.zero,SzSel_Male_Descend_Triennial2(5),0,-3,-15,15,0,NA,No_prior,NA,NA,NA,NA,NA
23.model.SigmaR.non.zero,SzSel_Male_Final_Triennial2(5),0,-3,-15,15,0,NA,No_prior,NA,NA,NA,NA,NA
23.model.SigmaR.non.zero,SzSel_Male_Scale_Triennial2(5),1,-4,-15,15,1,NA,No_prior,NA,NA,NA,NA,NA
23.model.SigmaR.non.zero,Size_DblN_peak_NWFSCcombo(6),31.3636,2,10,60,30,-6.98538e-7,No_prior,NA,NA,NA,NA,NA
23.model.SigmaR.non.zero,Size_DblN_top_logit_NWFSCcombo(6),-0.904255,3,-7,7,0,6.84723e-7,No_prior,NA,NA,NA,NA,NA
23.model.SigmaR.non.zero,Size_DblN_ascend_se_NWFSCcombo(6),4.95311,3,-5,10,3,3.0932e-6,No_prior,NA,NA,NA,NA,NA
23.model.SigmaR.non.zero,Size_DblN_descend_se_NWFSCcombo(6),4.45637,4,-5,10,5,2.14864e-7,No_prior,NA,NA,NA,NA,NA
23.model.SigmaR.non.zero,Size_DblN_start_logit_NWFSCcombo(6),-999,-99,-999,15,-999,NA,No_prior,NA,NA,NA,NA,NA
23.model.SigmaR.non.zero,Size_DblN_end_logit_NWFSCcombo(6),-999,-99,-999,15,-999,NA,No_prior,NA,NA,NA,NA,NA
23.model.SigmaR.non.zero,SzSel_Male_Peak_NWFSCcombo(6),-4.34596,3,-15,15,-4.26284,-2.05458e-7,No_prior,NA,NA,NA,NA,NA
23.model.SigmaR.non.zero,SzSel_Male_Ascend_NWFSCcombo(6),-0.528626,3,-15,15,-0.347213,2.37293e-6,No_prior,NA,NA,NA,NA,NA
23.model.SigmaR.non.zero,SzSel_Male_Descend_NWFSCcombo(6),0,-3,-15,15,0,NA,No_prior,NA,NA,NA,NA,NA
23.model.SigmaR.non.zero,SzSel_Male_Final_NWFSCcombo(6),0,-3,-15,15,0,NA,No_prior,NA,NA,NA,NA,NA
23.model.SigmaR.non.zero,SzSel_Male_Scale_NWFSCcombo(6),1,-4,-15,15,1,NA,No_prior,NA,NA,NA,NA,NA
23.model.SigmaR.non.zero,Size_DblN_peak_Trawl_N(1)_BLK3delta_2003,2.02299,2,-15,15,0,-5.20754e-6,Normal,0,5,0.0818495,2.02299,2.02299
23.model.SigmaR.non.zero,Size_DblN_peak_Trawl_N(1)_BLK3delta_2011,1.34734,2,-15,15,0,-5.81125e-6,Normal,0,5,0.0363063,1.34734,1.34734
23.model.SigmaR.non.zero,Retain_L_infl_Trawl_N(1)_BLK1delta_1989,-6.00904,4,-10,10,0,3.27014e-6,Normal,0,5,0.722172,-6.00904,-6.00904
23.model.SigmaR.non.zero,Retain_L_infl_Trawl_N(1)_BLK1delta_2007,-5.11342,4,-10,10,0,2.91977e-6,Normal,0,5,0.522942,-5.11342,-5.11342
23.model.SigmaR.non.zero,Retain_L_infl_Trawl_N(1)_BLK1delta_2011,-1.35534,4,-10,10,0,4.19347e-6,Normal,0,5,0.036739,-1.35534,-1.35534
23.model.SigmaR.non.zero,Retain_L_infl_Trawl_N(1)_BLK1delta_2015,-7.15995,4,-10,10,0,-8.68402e-7,Normal,0,5,1.0253,-7.15995,-7.15995
23.model.SigmaR.non.zero,Retain_L_infl_Trawl_N(1)_BLK1delta_2020,6.41569,4,-10,10,0,-1.15751e-6,Normal,0,5,0.823222,6.41569,6.41569
23.model.SigmaR.non.zero,Retain_L_asymptote_logit_Trawl_N(1)_BLK1delta_1989,5.60444e-4,4,-0.5,0.5,0,-8.67045e-10,Normal,0,0.2,3.92622e-6,5.60444e-4,5.60444e-4
23.model.SigmaR.non.zero,Retain_L_asymptote_logit_Trawl_N(1)_BLK1delta_2007,6.70911e-4,4,-0.5,0.5,0,2.06488e-8,Normal,0,0.2,5.62652e-6,6.70911e-4,6.70911e-4
23.model.SigmaR.non.zero,Retain_L_asymptote_logit_Trawl_N(1)_BLK1delta_2011,5.77108e-4,4,-0.5,0.5,0,3.16986e-9,Normal,0,0.2,4.16317e-6,5.77108e-4,5.77108e-4
23.model.SigmaR.non.zero,Retain_L_asymptote_logit_Trawl_N(1)_BLK1delta_2015,-3.00677e-5,4,-0.5,0.5,0,2.99213e-8,Normal,0,0.2,1.13008e-8,-3.00677e-5,-3.00677e-5
23.model.SigmaR.non.zero,Retain_L_asymptote_logit_Trawl_N(1)_BLK1delta_2020,-6.82506e-5,4,-0.5,0.5,0,-1.91742e-8,Normal,0,0.2,5.82267e-8,-6.82506e-5,-6.82506e-5
23.model.SigmaR.non.zero,Size_DblN_peak_Trawl_S(2)_BLK3delta_2003,9.66438,2,-15,15,0,-1.89601e-5,Normal,0,5,1.868,9.66438,9.66438
23.model.SigmaR.non.zero,Size_DblN_peak_Trawl_S(2)_BLK3delta_2011,0.569805,2,-15,15,0,-2.38056e-5,Normal,0,5,0.00649355,0.569805,0.569805
23.model.SigmaR.non.zero,Retain_L_infl_Trawl_S(2)_BLK2delta_1989,-2.097,4,-10,10,0,1.7263e-5,Normal,0,5,0.0879483,-2.097,-2.097
23.model.SigmaR.non.zero,Retain_L_infl_Trawl_S(2)_BLK2delta_2007,-4.48481,4,-10,10,0,1.46893e-5,Normal,0,5,0.402271,-4.48481,-4.48481
23.model.SigmaR.non.zero,Retain_L_infl_Trawl_S(2)_BLK2delta_2011,-3.43112,4,-10,10,0,1.57387e-5,Normal,0,5,0.235451,-3.43112,-3.43112
23.model.SigmaR.non.zero,Retain_L_infl_Trawl_S(2)_BLK2delta_2017,2.9834,4,-10,10,0,1.67179e-5,Normal,0,5,0.178014,2.9834,2.9834
23.model.SigmaR.non.zero,Retain_L_infl_Trawl_S(2)_BLK2delta_2020,6.04127,4,-10,10,0,9.2323e-6,Normal,0,5,0.72994,6.04127,6.04127
23.model.SigmaR.non.zero,Retain_L_asymptote_logit_Trawl_S(2)_BLK2delta_1989,4.4793e-4,4,-0.5,0.5,0,2.46814e-9,Normal,0,0.2,2.50801e-6,4.4793e-4,4.4793e-4
23.model.SigmaR.non.zero,Retain_L_asymptote_logit_Trawl_S(2)_BLK2delta_2007,8.47817e-4,4,-0.5,0.5,0,1.22429e-8,Normal,0,0.2,8.98492e-6,8.47817e-4,8.47817e-4
23.model.SigmaR.non.zero,Retain_L_asymptote_logit_Trawl_S(2)_BLK2delta_2011,5.52314e-4,4,-0.5,0.5,0,9.71101e-9,Normal,0,0.2,3.81314e-6,5.52314e-4,5.52314e-4
23.model.SigmaR.non.zero,Retain_L_asymptote_logit_Trawl_S(2)_BLK2delta_2017,-1.3609e-4,4,-0.5,0.5,0,3.29831e-8,Normal,0,0.2,2.31506e-7,-1.3609e-4,-1.3609e-4
23.model.SigmaR.non.zero,Retain_L_asymptote_logit_Trawl_S(2)_BLK2delta_2020,-1.60517e-4,4,-0.5,0.5,0,-9.27561e-9,Normal,0,0.2,3.2207e-7,-1.60517e-4,-1.60517e-4
